-0.3565587,0.20345293,0.3119911,-0.3420427,-0.3069457,-0.20645538,-0.35618228,0.44456404,-0.36845857,-0.45960593,-0.54836726,-0.04399509,0.7972834,0.4116522,-0.25254995,0.32232973,0.44951704,1.0799578,0.6046722,0.4699985,0.026655251,0.3528948,0.8924711,-0.08439936,0.53837264,-0.42903906,-0.4725433,0.5232145,-0.001869804,-0.12291234,0.28257903,0.1387739,-0.54367507,-0.22149898,-0.542085,0.3470675,0.63941514,0.03339477,-0.50633925,-0.1933262,0.21482693,0.7481154,-0.20185094,0.38787538,-0.15936473,0.35614666,-0.26248062,-0.6136523,0.657044,0.12455981,0.22917023,-0.27244422,0.4957289,0.091278054,0.03023853,-0.48227075,0.027287865,-0.05103719,0.48482364,0.28811797,-0.32444575,-0.08823507,-0.19397184,-0.47666115,0.34678668,0.045059737,-0.4660662,0.2758965,-0.32577845,-0.17190482,0.7754593,-0.611795,-0.35281727,-0.08146292,0.0151964845,0.24568123,-0.4109265,-0.29233316,-0.377839,-0.10365501,-0.35644874,-0.34662637,0.22865747,0.6055756,0.50714606,-0.067784116,0.23583698,-0.43397814,-0.4228059,-0.80101526,0.097766005,0.7271764,-0.055417243,0.11860529,0.74490714,0.3888506,0.8037097,0.6064218,-0.40984157,-0.97607136,0.26354098,-0.5052663,0.48042297,0.6129797,0.14417334
-0.4203681,0.6975897,-0.026404034,-0.57366925,0.4069087,-0.46513548,0.7910219,0.10123435,0.7587821,-0.14751774,-0.31111518,0.046285495,0.08712388,0.45119128,-0.23965485,-0.45600614,0.19125481,0.46458083,0.30419877,0.37896347,-0.70593625,-0.14245091,-0.27546516,-0.16061522,0.75541306,0.4168005,-0.3671174,0.41815564,-0.38057354,-0.43028685,0.07525266,0.075408794,0.22213708,0.87094855,0.30159706,0.35193387,-0.012199517,-0.44801867,-0.27806258,-0.51237583,-0.07017348,-0.46496597,0.063241266,0.45404562,0.8071391,-0.2718928,-0.033842027,-0.19370759,-0.109505326,-0.07323973,0.3357071,-0.31029776,-0.16990301,-0.23650786,0.47745743,-0.5451382,0.5532031,-0.11292908,-0.49122992,-0.06488463,0.17102724,-0.23668309,-0.10411514,-0.24722518,-0.14963311,-0.13731472,-0.50816095,0.05002058,-0.29848132,-0.19893199,-0.04443227,0.22549286,0.18655355,-0.43317017,0.26814544,0.07761984,-0.4279845,-0.69236994,-0.27353284,-0.46784836,-0.15296051,-0.11740561,0.1637133,0.27775678,0.40251154,-0.37322837,-0.12784597,-0.15443724,0.012445726,0.040742632,0.4366039,0.36531,0.2891902,-0.037309635,-0.06990945,0.4496405,0.2975637,-0.33513364,0.5692583,0.114206314,0.2046647,-0.18096638,0.102092095,-0.18447787,0.35972905
-0.44363543,0.5731743,-1.0633626,0.26092365,-0.40059984,-0.4379003,0.28163463,1.2127619,-0.23528548,-0.45139942,-0.6144286,0.5945848,-0.28775713,0.15518938,-0.11451758,0.24946074,-0.5190526,0.15177695,0.7506058,0.027572261,-0.25850895,0.07346041,1.0386543,-0.39210424,0.5591962,0.6151698,-0.4673847,-0.27288255,0.14373271,0.6519736,0.37968525,-0.16815723,-0.46931937,-0.051883172,0.22836222,-0.76469547,0.70471096,0.14180042,-0.65137804,-0.46249998,0.24544024,0.8111342,-0.22947404,0.29523328,0.4390133,0.60694057,0.14421044,0.78567505,-0.42509383,0.50242287,-0.23928422,0.22234604,0.5675746,0.011631017,0.23292664,-0.74852,0.5432365,-0.5520368,-0.025037024,-0.26251298,0.27748662,-0.2661498,-0.31254864,-0.34897646,0.23809284,-0.03048122,-0.7965947,0.0022127875,-0.113503635,0.09911129,0.96669996,-0.17642581,-0.2579182,-0.44809264,0.47944504,0.3030944,-0.4011787,-0.24346615,-0.26250777,-0.6129826,-0.385421,0.7572828,-0.10790802,0.6038918,0.659804,0.23377946,-0.070829295,-0.39150578,0.071896896,-0.25316334,-0.107945286,-0.3536957,0.11158797,0.09290824,-0.613401,-0.0033825312,0.28696612,0.30522886,0.5030319,-0.039688498,-0.26286268,-0.6230651,-0.09798555,0.30708763,-0.13050932
-0.4362249,0.13028634,-0.38312066,-0.09959049,-0.15884374,0.028932301,0.48659188,0.37567648,0.2602466,-0.09873722,-0.28812197,0.3058122,-0.30296433,0.33479828,-0.12411069,0.3758453,-0.40925905,0.6291874,-0.05877836,0.22124256,-0.2407383,0.3348375,0.19634062,-0.21864241,-0.26348054,0.5446471,-0.27657774,-0.29828367,0.24821231,0.3939683,-0.62664384,-0.05420844,-0.27722442,0.29297101,0.04360574,0.1416248,-0.05515744,-0.26321855,-0.067183495,0.1283886,0.022543594,-0.2511067,-0.121468596,0.23518607,0.22025704,0.091737024,-0.3327308,0.16048221,-0.2515202,0.4209832,-0.33714744,0.2545261,0.47170857,-0.0058418247,0.523067,0.14502595,-0.34479904,-0.35689378,-0.4567008,0.12878188,-0.14400536,-0.2293899,-0.11604661,0.12084124,0.2608453,-0.2621663,-0.70340616,-0.20365253,-0.16108285,0.50114495,0.11070143,-0.5317664,-0.033240255,-0.22579837,0.35898307,0.1329118,-0.5792246,-0.35692343,0.068955675,-0.22520177,-0.17318222,0.10597721,0.14475703,-0.34189078,0.4395648,0.21784422,0.23709434,-0.46361655,-0.37338075,-0.45518962,0.11817398,0.11023737,-0.03544983,0.1572832,0.014464329,0.08785788,0.078030996,0.3385616,0.11141682,0.28453237,0.0567041,0.11473813,-0.14698602,0.5724496,0.1220101
0.40725267,-0.23681632,-0.43644324,0.25718215,0.31604144,-0.13012493,0.1546006,-0.24287212,0.39711136,0.7174117,0.36694705,-0.13576666,-0.33640397,-0.3136419,0.4479404,-0.30787086,-0.42251894,-0.3531844,-0.3247748,-0.3501807,-0.27840027,-0.4100276,-0.38748884,-0.20731288,-0.23499066,0.1380743,0.40571865,0.87045264,0.24453221,-0.6344566,-0.575223,-0.35282725,0.48667324,0.3367359,0.3171912,0.119960345,-0.3459248,0.73906374,0.4400747,-0.4156739,-0.35248828,-0.24182461,-0.74125427,-0.5062601,1.2249012,-0.33259797,0.32977736,-0.14435504,-0.30606243,-0.6650574,0.6698589,-0.648097,-0.430281,-0.6796506,0.9689306,0.23098601,-0.4042783,0.26891848,-0.32711217,-0.59405464,0.633483,0.08853976,0.5519659,0.4177857,-0.16008516,-0.24719726,0.23494466,-0.31533226,-0.23310003,0.1961435,0.20523019,0.17005481,0.48443705,-0.413999,-0.7813371,-0.22124536,-0.7103671,-0.74361616,0.33086327,0.5880013,0.04578464,0.17276326,0.6552624,-0.46766615,-0.3036412,0.1053522,-0.10340596,0.29631707,0.14237744,0.17538181,-0.35213852,-0.37358448,0.20971349,0.17154242,-0.17332478,-0.11912284,-0.24314491,0.25798774,-0.103417456,0.14258462,-0.1843114,0.14879975,-0.26703098,-0.2919707,0.8814744
-0.5347637,0.70640033,-0.06789279,-0.07363222,0.3384169,-0.4730381,0.4785553,-0.2277114,-0.18418674,-0.31298366,-0.58230156,0.3680327,0.35043535,0.41077688,-0.30016786,-0.13250361,0.5474109,0.19742684,-0.030058635,0.38399974,0.34946468,0.6117951,0.54887515,-0.010675005,-0.23695935,-0.31622055,-0.35916403,0.6148418,-0.70472944,-0.3925502,-0.7617925,0.64205265,-0.4431801,1.2868215,-0.08813425,-0.1378332,0.30958456,0.15717393,-0.32576883,-0.10696442,0.35809684,0.48967618,-0.17457306,0.27044904,0.48167914,0.24391338,-0.04118851,0.061535615,0.9296058,-0.37740526,0.3470762,-0.18393822,-0.23832919,-0.7804751,0.23059893,-0.36395046,0.46628422,0.033543546,0.3641573,-0.1156273,0.17770272,-0.15975606,-0.17430426,-0.20948197,0.08034141,-0.21205007,-0.7610321,0.392366,-0.25367022,0.0029369257,0.4930436,-0.86660075,-0.15674755,-0.64366776,0.37081867,-0.06386786,-0.4727549,-0.87564045,-0.41922912,-0.44516742,-0.28125808,0.5984978,-0.11977977,-0.14262399,0.6120162,0.443772,0.3098526,-0.45716512,-0.29936785,0.11102805,0.17455201,0.6485561,0.61656564,-0.22466618,0.034125894,0.6310868,-0.037838854,-0.5235352,0.6782299,-0.1763835,0.81968945,-0.3158937,0.46589884,1.1072934,0.26750654
-0.41301143,0.5343466,-0.65441555,-0.54931444,-0.3512387,0.032604303,0.5846658,0.16876306,0.6431114,0.019090958,-0.17719151,0.3826599,-0.49216822,0.35683972,0.10120113,0.43830085,-0.40263087,0.33297348,0.14548515,0.3132935,-0.5093389,0.14793082,0.3471531,-0.29943278,0.33017206,0.60073036,-0.30576265,-0.3566889,0.29924792,0.4291232,-0.45320606,0.074680306,0.23284824,-0.18833946,0.007845346,-0.553267,0.2900625,0.027624475,-0.2561342,0.13177706,-0.3192912,-0.5033499,0.1053046,0.48013458,0.53015417,0.43233737,-0.04380992,0.107316196,-0.30975077,0.4912677,-0.39427575,0.24934795,0.58147085,0.33881533,-0.02861414,0.08171305,0.19403315,-0.41624522,-0.12874886,0.36730406,-0.3803631,-0.23960903,-0.045850772,-0.1377514,0.15524231,-0.07634056,-0.64423007,-0.25119907,-0.09382654,0.47158447,-0.4914257,-0.6363431,0.0076296264,0.33573547,0.27575773,0.1911256,-0.057530407,-0.47971702,0.41919652,0.2703424,-0.13896745,0.6495123,0.13375409,0.027281223,0.30316564,-0.284112,0.30684516,-0.18031305,-0.25535074,-0.28920707,0.28717107,0.21112712,0.07641291,0.046144377,-0.15475808,0.043269332,0.13995099,-0.25217494,-0.028552225,-0.19031312,-0.06720394,-0.58565223,-0.27071396,0.33996043,-0.15135446
-0.4038106,0.7078587,-0.51132697,-0.07167933,0.13344996,-0.9918956,0.44152167,1.00646,-0.37178352,0.2234632,-0.8315597,-0.34551615,0.75836134,0.3633027,-0.5113219,0.13038911,0.73677975,0.8889218,0.035579547,0.4780492,-0.2127108,0.05827997,0.92333853,-0.2927429,0.6249247,0.8319864,-0.6528957,-0.5213473,0.24094944,0.5771922,-0.89074904,0.72209597,0.51658094,-0.66314197,-0.15039821,-0.79727477,0.95980585,-0.29778546,-0.24890281,-0.895881,0.9202143,0.7731414,0.0044771475,-0.57381487,-0.21410954,0.11785539,0.56140774,0.9101191,-0.24126214,0.42118594,-0.5051879,0.55183613,-0.19346844,0.10867868,1.2466891,-0.5192793,-0.1303519,0.51464975,-0.15216628,0.37585944,-0.40135875,-0.25110608,-0.4731232,-1.0424637,0.4365877,-0.4314092,-0.9402958,0.513987,-0.8449477,-0.63948303,1.0337949,-0.61724865,-0.68865824,0.2931931,0.47993073,-0.24377935,-0.28434587,0.97720844,0.37981474,-0.6616527,-0.3890444,0.50995564,-0.8264884,0.73645175,0.90952647,1.4150001,1.0965778,-0.18096457,-0.25283664,-0.66184497,0.25051248,0.76996064,1.0849707,-0.35613102,0.9480574,0.79363734,0.9406004,-0.73071146,0.091001675,-0.26904792,-0.75117844,0.58861035,-0.19417979,1.146302,-0.5385789
-0.39567462,-0.32000008,-0.55450696,0.20014775,0.26162225,0.27743566,0.4918596,-0.38008708,0.1820089,-0.34387556,0.5461106,0.31659773,-0.4687602,0.040812474,-0.18941282,0.689865,-0.12016074,-0.17154646,-0.5079635,0.21660665,0.4648145,0.24572559,-0.424328,-0.33205032,-0.395318,0.028234381,0.4217413,-0.39577648,0.34822214,0.46122843,-0.64713556,0.25075063,0.15647882,0.07831306,0.26592955,0.26592532,-0.4594886,-0.37016034,-0.0699246,0.49337578,-0.5226026,-0.37531757,0.2406514,-0.48927698,0.33454496,0.10468463,-0.28936836,-0.31110343,-0.3490385,0.53371257,-0.42737928,0.34600848,0.58401686,0.32537135,0.56014025,0.18725674,-0.12910803,0.036771562,-0.38864404,0.5024391,-0.5132394,-0.33254218,-0.22205418,0.2773028,0.35464916,-0.35509354,-0.44560912,-0.26757124,0.049159378,0.56448007,-0.1369491,-0.6223593,0.09712912,-0.072588064,0.35884732,0.23010999,0.15305617,-0.0091150785,-0.07953428,-0.3971201,-0.18515995,0.040514883,-0.14473881,-0.46614677,-0.84392345,0.17786008,0.33423087,-0.40151587,-0.3668751,0.0156458,0.58894587,0.3177189,-0.16020021,0.35722005,-0.1153389,-0.46146673,0.3535195,0.05804516,-0.20741774,0.66024053,-0.23237461,0.42617407,-0.029360082,-0.3541509,0.20633636
0.20728293,0.48810977,-0.23754111,0.115524344,0.09168691,-0.42476028,-0.24916986,-0.515882,-0.16786444,0.3636191,-0.22561158,-0.4259339,-0.10296916,0.26910666,-0.43908942,0.34369555,0.27404448,-0.2951989,-0.13569312,0.52800053,0.29635042,0.5378316,-0.1271749,0.3053412,-0.22386853,-0.37975243,0.18646671,0.43663794,-0.49182186,-0.43633044,-0.20683362,-0.17324346,0.10342809,0.20236126,-0.5008191,0.07716919,-0.14390805,-0.2302668,0.07399315,0.27620262,0.1129959,-0.19292137,0.26019722,-0.1758383,0.2398229,-0.39935645,0.24662672,-0.32631326,0.33016083,-0.34112504,0.4607336,-0.37718928,-0.27283835,-0.5933854,-0.18490495,0.040320974,-0.03553516,0.26266882,0.39243522,0.12808108,-0.080470845,0.24510676,0.3068616,0.27164304,-0.2656202,0.24119076,-0.38807356,0.5585409,0.3037271,0.1373061,-0.20158641,-0.44526318,0.28804862,0.31850716,-0.46781734,-0.4087791,0.26831645,0.03036434,-0.4966779,-0.34204793,-0.53170437,0.18318547,0.09065853,-0.057978697,0.084299535,-0.4477898,0.3239056,-0.41659278,-0.32039517,-0.16067638,0.40078402,0.35783437,0.33638084,-0.32904884,0.51842505,0.42513248,-0.4387988,0.07604452,0.31916913,0.29949918,0.31241548,0.40134212,0.16915941,0.27016425,0.089322686
0.19793557,0.41136262,0.06168508,0.07355488,-0.09432341,-0.17491919,-0.33100727,-0.46255672,-0.12056919,0.3514352,-0.10106207,0.3661899,-0.111853175,0.1480836,-0.39839372,-0.16323735,0.1878657,-0.27776664,-0.14784801,0.4400101,0.10113717,0.3982224,-0.15511103,0.32113406,-0.24751775,-0.36859444,0.17477544,0.47596624,-0.5398958,-0.5420636,-0.3336799,-0.26407966,-0.053741463,0.33984247,-0.5106429,-0.018776856,-0.16471907,0.020844508,0.0850104,0.18728437,-0.039433785,-0.12070328,0.1394495,-0.18784314,0.60318625,-0.09615524,-0.031151824,0.17214344,0.35219675,-0.35791743,0.6496659,-0.52235144,-0.22291559,-0.4388255,-0.18547684,0.17543647,0.624305,0.19025077,0.23836999,0.01135557,0.031858023,0.17702006,0.12492969,0.28483912,-0.31941792,0.28207523,0.11600915,0.42202798,0.35825545,-0.18703584,-0.15440896,-0.41388702,0.39626607,0.32602093,-0.34280357,0.032002117,0.24185342,0.16413027,-0.71559507,-0.37432334,-0.33982968,0.3321179,0.12725846,-0.49188182,-0.074201845,-0.54473406,0.27011716,-0.37224936,-0.30533513,0.057342593,0.043330375,0.29203513,0.2271944,-0.28799844,-0.07910451,0.44986546,-0.42642263,-0.1224474,0.5230433,0.26559606,0.32019585,0.48696592,-0.29008955,0.20535555,0.06626569
0.41232648,0.14938988,-0.37127706,0.035973024,0.8291691,-0.24043454,0.39805678,-0.5276962,-0.110206835,0.19797075,-0.7286117,-0.18750492,-0.12695456,0.59957236,-0.1275277,0.028596343,0.32435998,-0.5973059,-0.18080941,0.45755708,0.5410226,-0.018343573,-0.29236895,-0.16008607,-0.08905527,-0.29014507,-0.1753758,-0.26327795,0.17371127,0.32620686,0.90357465,0.4384043,0.10374537,-0.38597178,-0.08574003,-0.29865342,-0.33858708,0.5942954,0.06882227,0.6210413,-0.36123338,-0.21540685,0.49781942,-0.05564323,-0.11911029,-0.12046952,0.60229504,-0.76145107,0.09562871,0.2603829,-0.23483613,0.25481224,-0.255874,0.50125414,-0.6333883,-0.25789657,0.5553326,0.5623868,0.74095,0.43023,-0.41442746,0.03233718,-0.026968544,0.035661604,-0.048359912,0.69480133,-0.04282471,-0.0947754,0.7830988,0.49138966,-0.45002747,-0.28422216,-0.28924084,-0.5219573,0.12156058,-0.06912722,0.17201889,0.1122735,0.314017,0.20279266,0.47967345,-0.041390676,0.059227858,0.22324516,-0.29004225,-0.8367356,0.008269172,-0.5947383,0.4662984,0.51523584,0.21425404,0.5873233,0.90015733,0.32918856,0.4818633,0.588545,-0.4943862,-0.007470389,-0.31668472,-0.0012901145,0.07985775,0.45656398,0.83966535,-0.6903949,0.012268601
-0.09976551,0.10362488,0.318554,0.12793374,0.04924274,-0.3420682,-0.5485579,-0.07021954,-0.114495456,0.028173927,0.20485748,0.09412953,0.25581947,0.13658416,-0.102154136,-0.34898815,-0.12520361,-0.34897372,-0.048837736,-0.24357606,-0.5232813,-0.11737349,0.1661075,-0.09219946,-0.23820052,-0.10299648,-0.12879711,0.61543137,-0.06665923,-0.55765486,0.024295842,-0.75038004,0.31161886,-0.016263619,-0.0036909196,0.23434658,0.029651565,0.29148683,0.014587422,-0.46208516,-0.2345772,0.11572478,-0.29226512,0.14106874,0.84639484,-0.65196955,0.11026852,0.15249686,0.03963781,-0.38403982,0.64289176,-0.46432173,0.5130816,-0.34446618,-0.2026955,0.37747258,0.10238262,0.12298273,-0.066416815,-0.65234786,0.62276226,-0.16531992,-0.1716957,0.3514826,-0.115692854,-0.23897089,0.3332092,0.03940425,-0.1715982,-0.24924925,0.1939346,0.34190786,0.058250993,0.06328433,0.026165303,0.3580905,-0.2222876,-0.058297142,-0.28326842,-0.14106074,-0.42880386,0.36810556,0.05297663,-0.43845206,0.18166573,-0.16728608,-0.03287776,-0.004948591,-0.17676401,0.12774108,0.45077989,-0.19419333,0.09511641,-0.054470133,-0.27945688,0.25110993,-0.1905132,0.045947343,0.25727814,0.4064207,-0.19148089,-0.26251912,-0.19273776,-0.5358726,0.17220233
-0.37937272,1.0349739,0.059834052,-0.43745103,0.34310874,-0.6965171,0.7789078,0.1255151,0.22306138,0.17663555,-0.27389115,0.22549056,0.28258377,0.37526432,-0.01298144,-0.2977999,-0.020067839,-0.20820536,-0.3039151,-0.03993789,-0.44115973,-0.09311341,0.4113103,-0.38811752,0.5048305,0.54477715,-0.32650006,-0.022499444,0.018417817,0.23174652,-0.12689702,0.33329338,-0.28619918,-0.043668035,0.5063744,0.15286626,-0.02718374,0.26168182,-0.005320367,-0.9533601,-0.0473979,0.76799923,0.016494935,0.06475956,-0.07065622,0.08266031,0.5422624,0.6514515,-0.1489167,-0.08122118,-0.018576294,0.14261907,-0.42103517,-0.48934197,0.98860675,-0.6738315,0.5457308,-0.21797134,-0.12610352,0.2835512,-0.28419527,-0.22641984,-0.2571263,-0.5870419,0.16178659,-0.18744518,-0.9098298,-0.7644033,-0.24451162,-0.40231505,0.1697117,0.048092514,0.21418908,-0.2659372,0.18456167,0.16648628,-0.43174386,-0.38023007,-0.038064748,-0.3126044,-0.20232219,0.85200405,0.7045622,0.05927032,0.46032733,0.38490802,-0.025715642,-0.16407932,-0.21536537,0.23887005,-0.7559879,0.08947431,0.22734076,0.24043328,-0.18404076,-0.07276888,0.4164278,-0.6248318,0.07301993,-0.34779513,-0.42811105,-0.27140388,0.066658735,0.7861125,0.4303194
0.6451539,-0.5143906,0.4966856,-0.63492227,-0.36813393,0.49264476,-0.56888956,-0.56463814,-0.13631049,0.07631519,0.6548957,0.3688241,0.2404428,-0.006287946,-0.40747574,-0.478805,-0.32577747,-0.84808177,-0.35636687,0.043967936,-0.5761919,-0.65781355,-0.5224241,0.019282714,-0.12195039,-0.2552177,-0.059812162,0.564606,0.09661355,-0.5903249,-0.26953572,-0.52341384,0.46537593,-0.47944936,-0.26878414,0.39918035,0.15687303,0.25447178,-0.1422963,-0.32944182,-0.31602055,0.12464327,0.26458934,-0.086234,-0.20929618,-0.39750034,-0.3828876,0.5280769,-0.016537135,-0.41896436,0.82978505,0.13054736,-0.3804953,-0.4069562,-0.62063664,0.29296947,0.3626565,-0.20451519,0.15373026,-0.3585681,0.44062355,-0.15383638,-0.22120665,-0.11782808,-0.18324523,-0.11270847,0.5904811,-0.27538696,0.9515858,-0.44312385,-0.025326865,0.47413108,-0.008626977,0.4026537,-0.72317207,0.39479434,0.5398351,0.41564146,-0.013896935,0.21946543,-0.27780896,-0.049994502,0.38536194,-0.529338,-0.82318753,-0.4601249,-0.3957361,0.44162965,-6.126688e-05,0.050633203,0.35250032,-0.08306816,-0.1927694,0.15873632,0.18957876,0.47121054,-0.54918194,-0.25171888,-0.10649985,-0.14335953,-0.21524115,0.17544456,-0.55320644,-0.6805913,0.44938812
-0.15563084,0.26990548,-0.2632543,-0.3131511,0.29138017,-0.50044894,0.5256538,-0.09789577,0.18656664,-0.1200622,-0.060645644,0.06805411,-0.15805063,0.42831418,-0.011668753,0.4309787,0.4681762,-0.050262805,-0.4041248,0.087180704,0.10122271,-0.21104422,-0.42078823,-0.250988,-0.45437703,0.5260084,-0.111082874,-0.3283135,0.3273154,0.34936386,0.23169221,0.3545483,0.035159983,-0.20404504,0.1487902,0.42396966,-0.1745389,-0.008422445,0.013903898,0.28653136,-0.03573283,-0.19186406,0.6829054,-0.5741658,-0.46222803,-0.09979694,0.5527452,0.3026173,-0.16839392,0.37322682,-0.3694786,0.29239023,-0.089676596,0.44431648,0.10250122,0.11516382,0.090004355,-0.017221868,-0.14398494,0.60860014,-0.6235478,-0.23678422,-0.26507896,-0.16897519,0.06323895,0.17575644,-0.24487457,-0.435389,-0.0856117,0.28822768,-0.6774486,-0.281709,-0.17987344,0.1374711,0.27345034,0.11294797,0.35140657,0.32491255,0.6736519,-0.04074933,-0.14111285,0.31024668,0.078380264,-0.18958963,-0.31446975,0.09264241,0.3446918,-0.45172524,-0.19583622,0.4510055,0.28871003,0.27383775,-0.001113943,0.34614855,0.27450606,-0.48744678,0.36774945,-0.09005849,-0.18360978,-0.26764318,-0.3022956,0.4096288,0.05575681,-0.009876212,0.38029927
-0.19670612,-0.027117483,0.14150941,-0.0048076855,0.22551924,-0.24821399,-0.14304286,-0.22478858,0.0890937,0.19779666,0.25579095,0.20939304,-0.091880895,0.08507595,-0.1924402,-0.41887322,0.07483925,-0.43371892,-0.121031374,0.08949177,-0.10115491,-0.11420185,-0.123643234,0.058344144,-0.12818642,-0.31737676,0.137151,0.51339966,-0.13915463,-0.40423208,-0.18939994,-0.27522084,0.18498074,0.22352348,0.15059406,0.26300234,-0.20428236,0.017811015,0.25031778,0.09503201,-0.301615,-0.07552826,-0.17253841,-0.037493363,0.42809162,-0.41260004,0.2713181,0.28046072,0.16740248,-0.3108528,0.5474043,-0.245611,0.061592754,-0.39888507,0.10268118,0.043555565,0.00017793439,0.06349471,-0.17569752,-0.25349233,0.3225275,-0.06504338,0.02342955,0.22071177,-0.27812818,-0.16264845,0.10172514,0.08434698,0.10266848,0.11586393,-0.24393706,0.2945195,0.4640136,0.088332646,-0.28583843,0.2127603,-0.07804508,-0.2219781,-0.20554627,-0.24433081,-0.24250531,0.05980925,0.20409413,-0.39572495,-0.030769728,-0.23500429,0.08261221,0.010563355,-0.18721285,0.06611475,0.53742546,-0.04442126,0.5706086,-0.06875686,-0.17674485,0.13828252,-0.36936662,0.044290464,0.31180352,0.48555562,0.2634541,0.006930622,-0.13189082,-0.35903502,0.501554
-0.31919774,0.5073445,0.0074397353,-0.39340588,-0.056875806,-0.37258732,0.1544416,0.07429186,0.4703134,0.00025276904,-0.32413343,-0.28997028,0.29020253,0.46330154,-0.3703748,0.13764015,0.3756357,0.34365875,-0.012137602,0.3024759,-0.15576065,0.39114812,0.25282624,0.06478184,0.31157756,-0.5146119,-0.32876736,0.6536779,-0.7376223,-0.4795364,-0.23851143,-0.11477023,0.15427525,0.9120202,-0.3310862,0.19192477,0.3306046,-0.23405556,-0.3937933,0.07555702,0.38297075,-0.05049092,0.017925635,0.39491066,0.5756525,-0.3660927,0.033377953,0.17737785,0.4182609,-0.3648877,0.4489018,-0.5438198,0.036827296,-0.5160917,-0.094100624,-0.40147036,0.50991577,0.07995275,0.41061682,-0.2401841,0.28745827,-0.25171262,-0.13128573,-0.06988757,0.011981479,-0.27487427,-0.36000392,0.20073673,-0.21956746,-0.26855165,-0.003048128,-0.03721142,-0.13298789,0.49438247,0.2168126,0.10299228,-0.060758334,-0.7742066,-0.39737743,-0.55249333,-0.35277957,-0.29406694,-0.0880163,0.18431911,0.41357863,-0.34105298,0.0047577233,-0.27718866,-0.22264412,-0.30859444,0.5235196,0.5288885,0.1121977,-0.60384077,0.5592735,0.5553125,-1.1059949,-0.5588304,0.31382462,0.39290494,0.8320519,-0.09909818,0.41395247,0.34891465,0.28317353
0.30442765,0.33922932,-0.5110998,0.21958649,0.41307175,0.25305656,-0.07172073,0.04407769,0.07752453,0.38224772,0.35839635,-0.8231514,-0.25300696,-0.44671783,0.41632023,0.49226028,-0.3329114,-0.2433213,-0.24038273,-0.46291125,0.055445313,-0.57,-0.076297164,-0.07248798,-0.2694013,-0.1151254,0.42863557,-0.1590689,0.307794,-0.047355767,-0.26590136,-0.21163563,0.56205785,-0.1926336,0.33895835,-0.39388737,-0.16272545,0.73249304,0.35105067,-0.008427288,-0.2224829,-0.24145654,-0.83681494,-0.47205877,0.2130768,-0.37035823,0.47299972,-0.034445904,-0.24015775,-0.08757277,-0.12649204,0.056315742,0.6454429,0.37664837,0.19580956,0.34745905,-0.5367358,0.19862531,-0.3000477,-0.28563878,0.24526407,-0.048911907,0.4671888,0.6011302,-0.21813853,-0.3931952,0.3905478,-0.058962706,-0.5990753,0.33804786,-0.23082128,0.26854795,0.2955445,-0.04125902,-0.0049948334,-0.28346217,-0.5112234,0.12673733,0.18558112,0.38886046,-0.4396545,0.33427534,-0.3364263,-0.5693332,-0.23083489,0.2915234,0.5372921,0.24017937,-0.46858287,0.3568843,0.5686826,-0.48736972,0.56463474,-0.0054836627,0.017851144,0.064052895,-0.62478894,0.030398745,-0.12244955,0.50203043,-0.29635102,0.50194275,-0.16267085,-0.23381107,0.018090043
-0.052308884,0.46952602,-0.35951182,-0.5305998,-0.49363464,-0.29072297,-0.20646554,-0.33417925,0.09268431,0.47566196,-0.30400956,0.17624538,0.11456719,0.20589013,-0.31920978,0.02598277,0.28688848,-0.3129378,0.011868626,0.41591808,-0.29459333,0.5985848,-0.2663183,0.52343655,-0.26568007,-0.23886538,-0.27004218,0.54445255,-0.78530574,-0.4685748,-0.37352464,0.040672537,0.10236696,0.22553194,-0.39515877,-0.50782925,0.39379534,0.13665369,-0.18540852,-0.16230834,0.5378624,0.03745217,0.5174767,0.41078016,0.7959158,-0.14426681,-0.21876773,0.23409511,0.4294248,-0.35824895,0.2805791,-0.8154927,-0.38167593,-0.5328845,-0.3040611,-0.15826215,0.65373874,0.37697998,0.23717754,0.10652654,-0.0585466,0.24149857,0.026426477,-0.13299283,-0.7225548,0.49413761,-0.40913296,0.3540282,0.35962775,-0.39122543,-0.27536067,-0.41220203,0.25663605,0.36482885,-0.5343514,-0.15029885,0.2339844,-0.3167055,-0.22464241,-0.2655038,-0.09790754,0.27207747,0.1498712,0.12059795,0.41093028,-0.43236366,0.45883942,0.021460677,0.01243633,-0.099638484,0.19425026,0.36845297,0.46934193,-0.4863071,0.085889705,0.55990803,-0.5442839,-0.25385365,0.69385195,-0.115742326,0.16564117,-0.12148598,-0.20415908,0.38263917,-0.30133352
-0.40808588,0.411265,-0.428349,-0.14332815,-0.26830167,-0.49651688,0.3506922,-0.0621556,0.060161985,0.23245409,-0.52835333,-0.14257227,0.2183207,0.4842403,-0.21879268,0.33899158,0.045613587,0.80619556,0.23958296,0.39886272,-0.4413604,0.08020858,0.5177635,-0.1772325,0.33167067,-0.079332165,-0.409082,-0.35345888,0.25975186,0.4184389,-0.05788682,0.2737124,0.40626207,-0.335618,-0.3101687,-0.3824387,0.49288183,0.14291911,-0.26736087,0.08148983,0.4808273,-0.122724034,-0.13888292,0.025704198,0.24214238,0.88571143,0.36865807,0.28343785,-0.11867732,0.46150467,-0.37031373,0.31526738,0.33147445,0.26046336,0.07296926,-0.24324729,-0.031411737,0.21577685,0.15928118,0.41929397,-0.431974,-0.2284007,-0.17798807,-0.41585958,0.23092856,-0.14040187,-0.56230587,0.16354667,-0.31326303,-0.13315898,-0.059633397,-0.608633,-0.34092653,0.2985382,0.38847467,0.11811206,-0.232572,-0.18544337,-0.048432853,-0.3512893,-0.38206762,0.28119904,-0.2832388,0.65015745,0.44851974,0.20595646,0.6688062,-0.37403834,-0.4172721,-0.84009117,0.20371959,0.49511334,0.46094534,-0.31181496,0.57787406,-0.23502192,-0.055959135,-0.08804794,0.34332883,0.0076975515,-0.27976045,-0.037558213,-0.5104015,0.6817864,-0.4965786
-0.3349081,0.21977244,-0.18416189,-0.35396355,0.3786611,-0.23810767,0.2849839,-0.047584053,0.17990565,-0.28347555,0.22165978,0.30595136,-0.3476677,0.060543172,0.16609444,0.4942164,0.17336276,-0.22563657,-0.2595254,-0.086052336,-0.42920455,-0.3404444,-0.52886045,-0.20362428,-0.17287895,-0.2400267,0.12967703,0.2266705,0.14955233,-0.6623209,-0.22406349,0.07666162,0.26208124,0.3231746,0.29011458,0.24606632,-0.17030928,0.24423113,0.30690965,-0.07913404,-0.52790195,-0.03404422,-0.29808322,0.21776803,0.7562432,0.009609553,0.2614619,-0.12705359,-0.06921668,-0.31540117,0.21295677,-0.19128796,1.0742201,0.3795457,-0.0034707687,0.2911301,0.15086061,-0.31646279,-0.16131206,0.07103019,-0.061565656,-0.17890827,-0.13271227,0.5957653,-0.10828518,-0.0876284,0.2866254,0.12229222,-0.33463088,0.24049589,-0.20895554,0.1765666,0.16710025,-0.25102723,-0.010632062,0.19417946,-0.44632733,-0.39119253,-0.32325414,0.06848501,-0.23690276,-0.030667268,-0.15022135,-0.43771297,0.2706797,-0.19097753,0.017046148,-0.060187157,0.03777718,0.43802208,0.8131379,-0.3643832,0.4205472,0.15000206,-0.32819065,0.29079866,0.15496305,-0.23848368,0.07878345,0.112806655,-0.07186624,-0.5013002,0.2249122,-0.42826048,0.37533605
0.3559946,-0.67274404,0.10096754,0.2667244,0.15188196,-0.37181395,-0.32975745,-0.8682121,-0.17786649,0.6014824,0.48173457,0.49308112,-0.5143308,-0.4377222,-0.63511854,-0.5739599,-0.23915637,-0.5188024,-0.38946742,-0.34481317,-0.39386898,0.25054684,-0.6126582,0.3430146,-0.45488498,-0.41659588,0.46202174,0.7559292,-0.504175,-0.7422078,-0.7054801,-0.41292527,-0.17033687,0.26818386,0.25740108,-0.04962965,-0.55441856,1.5491785,0.48280746,-0.12713578,-0.46521863,-0.35823807,-0.24469642,-0.38576964,1.3742666,-0.6310905,0.29267117,0.37202585,0.4967763,-0.5647142,0.8148808,-1.1954921,-0.53897095,-0.66309524,-0.1732263,0.31752595,-0.16725665,0.30771625,-0.44876376,-0.8538318,0.7883871,0.19142415,0.2049933,0.37311494,-0.3011248,-0.038279317,0.3735589,0.06984702,0.36194742,-0.47770268,-0.5062023,0.277411,0.58060056,0.13370737,-0.77187926,0.3021952,0.12459013,0.09113513,-0.14348151,0.10745237,-0.23000354,0.43416655,0.32778105,-0.8059103,-0.4613901,-0.32965055,0.3442341,0.34155813,-0.45017013,0.50068784,-0.20606822,-0.5238817,0.23335308,-0.39243665,-0.3885802,0.00737067,-0.6292257,-0.23638615,0.42964906,0.56322956,-0.31992707,1.2119054,-0.32225648,0.27213898,0.59543854
0.81496996,0.7600927,-0.75776404,-0.7494947,0.6285706,-0.7164358,0.7519595,-0.5312079,0.30413014,0.4889294,-1.3434865,-0.72988296,0.012149736,0.72446066,-0.036915798,0.38927042,1.2490718,-0.35632843,-0.3009319,0.34885496,1.0190545,-0.17162718,-0.34292623,-0.507501,0.72288805,0.365431,-0.6434655,-0.627845,0.5016035,0.66530335,1.1843802,0.8394318,0.85512066,-0.74121773,-0.94191825,-1.160399,0.18222784,0.7961155,-0.92390424,0.71164036,-0.23595148,-0.06446744,1.1053953,-0.21761113,-0.21543357,0.89269716,0.9744872,-0.2500983,-0.25647524,0.628764,-0.6140382,0.51645327,-0.5239398,0.95229125,-1.2084436,-0.80011797,0.7088956,0.21298513,1.0738847,0.8866627,-0.89839756,-0.21396051,-0.4027035,-0.6817247,0.19429739,0.7111113,-0.073334105,-0.43262157,0.72425765,-0.087333985,-0.9781683,-0.5978282,-0.8235931,-0.70710653,0.35008177,-0.38694528,0.8278272,0.7932164,1.1356255,1.0575352,0.8248293,0.63327646,0.124068744,0.86255616,-0.0090682,-0.7792132,-0.35522833,-0.44737402,0.3716955,0.8496312,0.18151864,0.88432616,0.16782503,0.60012937,1.3810345,0.1073076,-0.09749184,-0.6692551,-0.7589765,-1.0321087,-0.39442313,0.96840554,1.1176414,0.5985814,-0.3271808
1.2766083,1.4280478,-1.4320095,1.0473521,1.4808623,-2.06344,-1.124701,-3.040765,-0.57944286,1.2205257,0.8951679,1.2429681,-0.49815032,-0.8328293,-0.44770485,-4.29994,-0.07616111,-1.2055482,-1.068425,-1.4417334,1.3022277,-0.49987793,-1.0916978,1.3545039,-0.7869048,-1.5256785,0.97740144,0.535848,2.6724646,-1.2345378,-1.3941425,-1.3123031,1.2530651,1.5606666,1.1916486,-0.56417984,-0.8300827,-1.6214402,1.2498914,1.0649729,-1.1976125,-1.0761589,-0.9174855,-1.1324083,-2.4170861,-0.50588274,1.1998056,1.2107513,0.81135035,-1.4769633,2.119014,-0.7422098,-0.05006932,0.6043008,-1.3834696,1.3620807,-1.9614551,1.5410668,-1.2083083,0.25225925,-0.3868746,1.3497981,1.2041297,1.2016424,-1.5114076,1.6080847,1.5047464,-1.2648982,1.1652706,1.3723528,-1.0650275,-0.23003404,1.2313224,0.84860885,-1.5751411,1.6387829,1.0443413,1.4166347,2.0781684,-2.4356365,0.29769865,1.6165655,2.6961906,-1.7291802,-0.89737815,0.79894733,1.0141141,1.0085979,-1.1639766,1.5089219,1.9465854,2.1364863,1.906528,-1.3787681,-1.2020903,0.21085556,-1.2941052,0.98756933,-2.3565214,1.3549607,-0.9157052,2.152147,-0.6463988,3.3032706,-0.7830221
