-0.090163395,0.06742017,0.10567714,-0.16627151,0.0076011466,-0.16629511,0.52415025,-0.06674941,-0.008346113,0.1818057,-0.3498192,-0.22588776,0.3527987,0.428253,0.2702468,-0.037219062,-0.30020317,0.17860913,0.3744401,0.0961522,-0.18125707,-0.15238565,0.4352604,-0.3339365,0.31621057,-0.19842285,-0.2942424,0.5524511,-0.21651635,-0.3254265,0.35556012,-0.057779737,-0.19618116,-0.3191567,-0.14201716,0.09889854,0.2065528,0.42673066,-0.13420634,-0.30953684,-0.2265435,0.3929818,-0.37616804,0.19757307,-0.14090824,0.16038221,0.29757267,-0.21833555,0.21653725,0.16028486,0.5674796,-0.40969786,-0.037808992,0.38805965,0.027357055,-0.4173614,0.83537513,-0.15131095,0.37201414,0.1437286,-0.1537042,-0.12163455,-0.15452124,-0.28365156,0.20938595,-0.077802144,-0.16824982,-0.029486965,-0.026918957,-0.088500425,0.005150624,-0.17518078,-0.2016433,-0.24438816,-0.24184445,0.19020027,-0.46890742,-0.15232664,-0.0050637107,0.38979444,-0.06288489,-0.12764013,0.2862781,0.41546306,0.25240305,-0.494877,-0.15168422,-0.36396757,0.33083725,-0.4803074,-0.1698329,0.10757746,-0.09151317,0.46061355,0.3895946,0.120085545,-0.2886556,0.3411545,-0.15044919,-0.22037241,0.29685628,-0.19580203,0.34037212,-0.84500283,0.37263602
-0.53193945,0.3936282,-0.16342036,-0.4869525,-0.053627517,-0.36995894,0.4538402,-0.42070287,0.85531735,-0.073425554,-0.418945,-0.2935056,0.023804978,0.5735445,-0.05464833,0.015528643,0.2565206,0.830183,0.67177945,0.35397923,-0.53697383,0.033255894,-0.07805139,0.018070646,0.5551977,0.16921993,-0.35698324,0.7846521,-1.0661012,-0.6940197,-0.30887654,-0.02866083,0.29757303,1.0353981,0.2791414,0.3077666,0.14257133,0.021777444,-0.49946758,-0.7820707,0.2699463,-0.48792472,0.045268368,0.5316331,0.83208704,0.238498,0.0045990315,-0.63882935,0.3633492,-0.41818172,0.9015388,-0.8540939,0.31571302,-0.4187294,0.30413443,-0.42244032,0.31683165,0.23701306,-0.2878891,-0.31180242,0.42738113,-0.26794308,-0.013671046,0.23720933,-0.19514976,-0.2114596,-0.40741047,0.28195438,-0.41706163,-0.09465754,0.33008564,-0.12431479,0.11724672,-0.9044914,0.176495,-0.1883656,-0.4851276,-0.8634715,-0.42411742,-0.4845023,-0.30317998,0.14853027,-0.08941079,0.07609712,0.51463646,0.018425277,-0.36658138,-0.27056643,-0.038329285,0.08484001,0.16748686,0.13038547,-0.21395083,-0.5833066,0.17844719,0.12940717,0.15772453,-0.5599047,0.5231152,0.34386647,0.5127558,-0.16420452,0.49245936,-0.23405227,0.13086818
-0.629828,0.6202728,-0.79646474,0.735646,0.06896992,-0.39271697,0.60714406,0.70130336,0.025841402,-0.01564318,-0.73325396,0.53613675,-0.33058435,0.50369716,-0.4075294,-0.15883863,-0.08690407,-0.27482834,0.8176139,0.37201193,-0.022653142,0.38246784,0.6760208,-0.41881588,-0.30061096,0.25295132,-0.49415427,-0.09173059,0.15824933,0.18254347,-0.1127524,-0.06685568,-0.44331926,0.16799676,0.43402973,-0.300495,-0.079724036,0.082857646,-0.01852209,0.0052456222,0.012077923,0.26504534,-0.46235436,0.28788093,0.2867493,0.5295145,0.08099734,0.19583708,-0.21360761,0.020372147,-0.12069978,0.3222123,0.072461165,-0.35189596,0.6387952,-0.47825554,0.14524765,0.12280568,0.016115427,-0.2467175,0.26602182,-0.32108638,-0.32126805,-0.4600128,0.34472033,-0.10643713,-0.93250924,0.33863154,-0.004117676,0.50158507,0.83490103,-1.344365,-0.05606839,-0.9293736,0.4446078,0.22698453,-0.64940023,-0.62236863,-0.35477874,-0.4927357,-0.3915183,0.41001695,0.05700254,0.097774655,0.76532507,0.21720563,-0.17838006,-0.6128034,-0.29615384,-0.15715124,-0.2997989,0.8234689,0.19841337,0.2121357,-0.5156947,0.2355996,0.16003148,0.641865,0.12891099,0.34614322,-0.08216252,-0.3452703,0.45529616,0.917481,0.46766585
-0.41449296,0.21133904,-0.60729265,-0.123022355,0.25905722,-0.124958366,0.34370488,0.49334538,0.15300333,0.09571463,0.11546687,0.14731069,-0.36560428,0.30918825,-0.15843877,0.26878715,-0.42347667,0.16004527,-0.28412348,0.25272915,-0.2573691,0.25253615,0.26692066,-0.22549945,-0.39738658,0.44263604,-0.16623823,-0.21272017,0.18973823,0.2696132,-0.07568833,-0.08621541,-0.2836466,0.16295469,0.32893962,0.17043294,-0.4063221,-0.04956931,0.36742747,0.32138345,-0.09298918,-0.29660743,-0.3332772,0.09869015,0.23093408,-0.097421244,-0.08210996,0.72101057,-0.20466317,0.26539588,-0.24705917,0.22155383,0.32905757,-0.08005842,0.59259737,-0.2926645,0.016334511,-0.39281887,-0.40295443,0.07996267,-0.07848721,-0.2360655,-0.15328217,-0.044556167,0.35201266,-0.3561656,-0.5985493,-0.5248502,-0.07566512,0.4672113,0.120022744,-0.61425644,0.11107293,-0.27871692,0.36668614,0.09058545,-0.47549286,-0.3832043,-0.06638659,-0.30471796,-0.109358065,0.09275335,-0.10991913,-0.06423811,-0.20058532,0.058374055,-0.0064121247,-0.39114338,-0.35053998,-0.43126205,-0.13995084,0.001292891,-0.11622868,0.22134532,-0.19927661,-0.12005922,0.09002001,0.28032455,0.19144909,0.6438295,0.009712215,0.021161733,-0.07165219,-0.1732567,0.19962342
0.24064031,-0.27711797,-0.035655838,0.13716796,0.32303444,0.077875845,-0.13587524,0.53535897,0.30178973,0.5342577,0.25563174,-0.11698411,-0.34212855,-0.24079779,0.3006638,-0.21519181,-0.16445066,-0.18260154,-0.22998391,-0.29506162,-0.09373722,-0.21990822,-0.23963194,0.2388929,-0.19065501,0.015459478,0.2883811,0.42797226,-0.11637121,-0.35999092,-0.009839425,-0.23995775,-0.65507776,0.3928689,0.21529329,0.23997019,-0.29772604,0.40580088,0.26457173,-0.10516729,-0.21969809,-0.23077153,-0.6330421,-0.17864747,0.07614321,-0.1126001,0.0672847,0.38677093,-0.1322552,-0.38985497,0.43912387,-0.44018587,-0.40146282,-0.33102816,0.3583155,0.09126428,-0.0031565675,-0.03852358,-0.12754683,-0.4422981,0.43928567,0.19077052,0.3351024,0.23236026,-0.001961288,-0.068240635,0.15786843,-0.22389737,0.17609431,-0.011496029,0.0071114213,0.22900108,0.24059732,-0.11871987,-0.4325854,-0.07650748,-0.28499725,-0.41548428,-0.52557415,0.33972046,0.055911142,-0.22661975,0.007922464,-0.078743495,-0.26469484,0.080963776,-0.43638757,0.19944341,0.004220853,0.10731817,-0.3330964,-0.25578836,-0.76255995,-0.2687287,-0.12900338,-0.22248459,-0.29913557,-0.10578553,0.5717453,-0.026215065,0.12165324,-0.33430147,-0.025125591,-0.17739365,0.4223418
-0.5184565,0.40325567,-0.13550971,0.029187582,0.16476099,-0.51424706,0.6144826,0.4591171,0.27027595,-0.044231907,-0.3989734,0.078628205,-0.47078076,0.36685124,-0.09844467,-0.29909834,0.5115252,0.102586,-0.15598859,0.13827811,-0.17901383,0.41948044,-0.15561906,-0.00073700683,-0.20807911,-0.07471765,-0.18382365,0.66617614,-0.65268624,-0.5479488,-0.39967862,-0.17705134,-0.19672957,0.5521963,0.36709496,0.08661129,-0.07455424,0.037765786,-0.15025264,-0.5784402,0.10875619,0.044357903,-0.028130192,0.25012642,0.7086955,0.09118445,0.18119363,0.08599315,0.36941883,-0.47386435,0.66345507,-0.8320003,-0.1333211,-0.3791629,0.15663049,-0.23108195,0.15891072,0.12356962,-0.49853674,-0.6090212,0.54070294,-0.21733387,-0.1667793,-0.042672005,-0.09885214,-0.019188559,-0.49727774,0.24668743,-0.34382778,0.012303778,0.14560725,-0.14280924,0.32358745,-0.64680284,0.059717447,-0.104626775,-0.5597619,-0.6215078,-0.34103256,-0.22119382,-0.23287316,0.16801268,-0.14374878,-0.114320174,0.4911775,0.33451095,-0.18484624,-0.3117941,-0.1825808,0.22339156,0.069470204,0.23250313,0.24578506,-0.51428086,-0.4535169,0.14403628,0.23689514,-0.20205304,0.56938046,0.28202266,0.20975563,-0.3532475,0.40414318,0.32586363,0.24376892
-0.090323545,0.48043787,-0.6549855,-0.4871868,-0.0715265,0.2885485,0.5430335,-0.290042,0.4720167,0.007268909,0.49235106,-0.035721637,-0.52824223,0.13513784,-0.1513987,0.15982497,-0.026700493,-0.06638966,-0.2229992,0.30441958,0.18110414,0.54252034,-0.1448942,-0.23817979,-0.07755409,0.24946843,0.07812187,-0.3024435,0.16016804,0.35249358,-0.30755424,0.29319316,0.33132827,-0.1985815,0.30758697,-0.03784329,-0.3294581,-0.6164592,-0.19398181,0.32420266,-0.051124558,-0.5112859,0.6682674,0.19904698,0.4129551,0.36610612,-0.21305303,0.38610205,-0.3076072,0.33120626,-0.29308748,0.26284313,0.16816199,0.27082738,0.41728052,-0.4615629,0.19865286,-0.34041476,-0.26724812,0.21943182,-0.20750219,-0.19722494,0.123960614,-0.20233905,0.17187943,-0.21922396,-0.4800533,-0.26868847,0.12120722,0.39241606,-0.2173424,-0.45858473,-0.056580093,0.5672016,0.16367917,-0.29845014,0.5022643,-0.66602534,0.18090062,-0.27114967,0.08146391,-0.2669041,-0.12982821,0.06728452,-0.3437014,-0.1567602,-0.25277627,0.23495743,-0.21541831,-0.514191,-0.04700096,0.30344245,-0.12474111,0.105439536,-0.037148025,0.044906706,0.06331076,-0.70452225,0.056684166,0.22063066,0.08511594,0.335642,-0.28613722,0.47347483,-0.35601866
-0.61483544,0.7969593,-0.8249206,0.07665978,-0.023896048,-0.53182435,0.5756079,0.5150572,-0.060163904,0.6187833,-0.68240243,0.43906784,-0.30429682,0.39992854,-0.47927737,-0.23250145,0.33419144,-0.24258691,0.2632334,0.3753265,-0.39418048,0.7853153,0.52176017,-0.37503296,0.48646626,0.9559304,-0.5810384,-0.37097904,-0.12867403,0.5594759,-0.64767784,0.32917783,-0.15636379,-0.35489962,-0.31157714,-0.82471085,0.7044352,-0.64951456,-0.06731065,-0.74140334,0.839722,0.37285984,0.223491,-0.2678806,0.09469554,0.191318,0.096072465,0.9047415,-0.2892484,0.27533814,-0.38491362,0.4237946,-0.2545312,-0.6458037,0.9415447,-0.6154293,0.51317513,0.76614106,0.09166313,-0.12835254,0.13678232,-0.30069572,-0.36343,-0.7643659,0.39378896,-0.5835649,-1.1061757,0.38728312,-0.37791765,-0.46716508,0.98934555,-1.0119901,-0.3155046,0.4188949,0.4782678,-0.07913941,-0.55386865,0.6230746,0.288729,-0.7049695,-0.14414738,0.7502665,-0.34720352,0.22397235,0.6621061,1.1697879,0.8938947,-0.44709557,-0.41345534,-0.61773115,-0.26357535,0.7392796,0.62472165,-0.581816,0.1271011,0.9430831,-0.13195598,-0.49616453,0.30013907,0.5601095,-0.62184715,0.5375735,0.12616396,0.89140075,-0.10989232
-0.51738364,0.6071903,-0.5328577,-0.21355616,0.40912482,0.31470624,0.48763585,0.37870413,0.09343586,-0.2800898,0.43118513,0.31982318,-0.43517107,0.27443767,-0.12185793,0.67781484,-0.008045573,-0.31358767,-0.5639539,0.18670967,-0.084712945,-0.3011674,-0.7160334,-0.346003,-0.52939934,0.14983201,0.31233326,-0.38953075,0.42813778,0.40577146,-0.3554272,0.31635842,0.0379484,-0.39587623,0.4396178,-0.06318706,-0.44160536,0.14893517,0.24434665,0.4967271,-0.43621445,-0.3978654,0.075302094,-0.47207496,0.30592066,0.44866067,0.33883622,-0.095927596,-0.27741387,0.49238235,-0.4417074,0.32198036,0.6761084,0.5217921,-0.23623829,0.46401313,0.08093954,-0.23195644,-0.3823437,0.72704667,-0.75802386,-0.3230915,-0.35205793,0.06252538,0.3110784,-0.013230739,-0.34398305,-0.39902183,0.13015172,0.61590034,-0.79201865,-0.64367944,0.12295084,-0.12522572,0.37430698,0.30190775,0.3684112,0.5287001,0.33910438,0.0067869765,-0.27242658,0.24617562,-0.32992533,-0.13645026,-0.6772378,-0.28110704,0.15379375,-0.35577735,-0.36327362,0.41000295,0.559897,0.3474658,-0.10856397,0.4053724,-0.5508191,-0.7895747,0.8434944,-0.08663704,-0.22787505,0.5624734,-0.3574982,0.14756083,0.19198057,-1.1650913,-0.12214615
-0.25842395,-0.3210135,0.43170193,-0.41323683,0.1632313,-0.10328484,-0.39904374,-0.07669591,0.06944479,0.47823772,0.0114018945,0.17735021,-0.3261209,0.14785483,-0.06970898,-0.113950945,0.28643402,-0.14531659,-0.30307034,-0.15084441,0.0024462626,0.046389364,-0.28088412,0.16844988,-0.14530075,-0.23379156,0.33264354,0.47104982,-0.40475622,-0.47244427,-0.1589247,-0.27093872,-0.42185396,0.3556575,-0.19555748,0.14189562,-0.51553327,0.2895921,0.2419277,0.20437337,-0.26463768,-0.1938035,-0.089831375,0.079803556,-0.012032816,0.15299642,0.01837285,0.3013929,0.26111725,-0.33047768,0.5472191,-0.517394,-0.1392946,-0.38379103,0.24600424,-0.30134177,0.25120363,-0.17829594,0.25374708,-0.43672648,0.4163481,0.018781831,0.022100816,0.20471828,0.11973571,-0.33282784,-0.13490197,0.03728955,0.19960998,-0.30993456,-0.3773575,0.00044126337,0.44539145,0.08742152,-0.039487217,-0.109828465,0.092191786,-0.061394613,-0.26146206,-0.12506557,0.28283602,-0.24420041,-0.12600115,0.06852438,-0.1401779,-0.37299603,-0.2926767,-0.19835556,-0.35408843,0.1392482,-0.11579644,-0.15006661,-0.47150946,-0.1275884,-0.050084732,-0.0058041234,-0.16855262,-0.09833232,0.45413056,0.29014838,0.43668255,-0.050351337,0.33720168,-0.10728304,0.36341932
0.29735565,-0.2983924,0.31553677,0.24380642,0.07669765,0.2934652,-0.4007709,0.030805666,-0.285426,-0.12784322,0.34020984,-0.181331,0.22205682,-0.41020006,-0.1994048,-0.79365826,0.13244271,-0.3240599,-0.25254586,-0.1346482,0.0826381,-0.44226146,-0.38321364,0.1991938,-0.3091693,-0.5380665,0.32777828,0.49270076,0.08444383,-0.45773953,0.5289777,-0.22138213,-0.19471201,0.20166063,-0.07386052,0.3322704,-0.47326934,-0.28717873,0.053727824,0.26824343,-0.22121821,0.0906856,-1.0634892,-0.25260314,-0.6350191,-0.3029681,-0.045849297,0.11740254,0.09637773,-0.46788222,0.59612554,-0.08640324,-0.56844395,-0.15716037,-0.31836024,0.17370199,-0.3934308,0.28809538,0.05907658,-0.63846487,0.601936,0.0037622245,-0.07122522,0.41180176,0.08682317,-0.26271755,0.32585335,0.3178582,0.25406414,-0.12533139,-0.018384319,0.347048,-0.090451576,0.32645005,-0.469371,0.20054121,0.3365858,0.31522053,-0.6151939,0.07128139,-0.16275673,-0.56914026,-0.029882846,-0.09234803,-0.4193063,-0.21757399,-0.6130419,0.37531522,-0.42017877,0.16632444,-0.040732816,-0.22103056,-0.37256446,0.28184298,-0.14456104,-0.34480137,-0.25973025,0.2424572,-0.24239367,0.09016355,0.0104668895,-0.17384554,-0.085198894,-0.50721055,0.2501252
0.5311232,0.24973828,-0.23269734,-0.59529585,0.0044057714,0.6745606,0.099036045,0.005348932,-0.8765254,-0.3854893,-0.42326674,0.20770295,-0.1642964,0.14121749,-0.06106077,0.44624224,0.60690635,-0.34397915,-0.321239,0.04141626,0.82094896,0.014244704,-0.18794633,-0.18426688,-0.46382508,-0.53382635,0.1291413,-0.3551785,0.37957194,0.366546,0.8003292,0.36456153,0.3194475,-0.5368356,-0.60325754,-0.5027686,0.6102217,0.40053636,-0.30002818,0.6016672,-0.07024977,0.008559309,0.20465952,-0.51206976,-0.010586372,0.50583535,0.5872451,0.21887392,-0.027457833,0.4501041,-0.39306647,0.23249824,0.5668713,0.6056018,-0.57730377,0.4505934,-0.03345197,-0.2494267,0.66625035,0.6060701,-0.62622,-0.13243493,-0.39707306,0.1461827,0.24406229,0.18078406,0.58503264,0.38473734,0.4214536,0.78629875,-0.7156857,-0.47550222,-0.34864593,0.58464986,0.1926637,0.3305519,0.39502606,0.79645354,0.41890725,0.8233259,-0.18943834,-0.09094777,-0.60637856,0.059271604,-0.870079,-0.83145833,0.738426,-0.46870583,-0.19530077,0.32175127,0.5280097,0.45119023,-0.023906846,0.48929632,0.38116243,-0.1457138,-0.19566627,-0.17068318,-0.3359823,0.12450312,-0.28386825,0.28323564,0.68876207,-0.619891,-0.9918434
-0.33354297,0.4650425,0.053555667,-0.35177213,0.010493612,-0.41667208,-0.29100063,0.21232712,-0.017155511,0.35611823,0.038231015,0.12786992,-0.22139552,0.3075844,-0.040011562,-0.15210181,0.19797345,-0.3433573,-0.09960176,-0.38467106,-0.43670264,0.14136417,0.09087376,-0.044641413,-0.2665826,-0.24187441,0.114909805,0.5442798,-0.4859435,-0.44435328,0.044257272,-0.71291417,-0.2710502,0.030780151,0.24287698,-0.099630564,-0.3430911,0.7274343,0.13569488,-0.35038483,-0.27022985,0.25319886,-0.32725984,0.16642217,0.6510246,0.21026771,0.30580968,0.12972175,0.4174919,-0.3311645,0.50285864,-0.88697064,0.011884526,-0.24094558,-0.17725347,-0.15758891,0.5939967,-0.15159385,0.28900158,-0.3038113,0.26076934,-0.1017243,-0.020734502,-0.23535949,0.030464921,0.04517802,-0.24943359,-0.11004989,-0.06333471,-0.075700246,0.09126278,0.17253293,0.6127692,-0.32276112,0.077478014,0.07269317,-0.35306576,-0.1079196,-0.28103232,0.019964106,0.010681212,0.3730768,-0.24549799,0.060540657,0.10154467,-0.5295012,-0.2967938,0.0460666,-0.23393154,0.30374676,-0.059046593,-0.38762635,0.06515621,-0.24002588,-0.356965,0.1393806,-0.12624373,-0.11821011,0.33083895,0.1984212,-0.006318375,-0.29350585,0.20759153,-0.22783561,0.09614127
-0.45076504,0.52032006,0.11764791,-0.46106175,0.40165704,-0.366908,0.35868922,0.63018686,-0.20969002,-0.29245785,-0.2692917,0.2800475,0.13213012,0.33135048,-0.17721935,0.04626067,0.67318845,-0.116274506,-0.2683018,0.1879675,-0.22700752,-0.47741243,-0.12363714,-0.2817081,-0.50715524,0.23968396,-0.2890132,-0.1577429,0.23842146,-0.030844681,0.12472216,0.46229473,0.18550606,-0.4947073,0.5957498,-0.48328266,-0.11860822,0.48483962,-0.06975948,-0.33234563,0.48157588,0.3758679,-0.29588184,-0.36896116,-0.124874465,0.46806613,0.4211215,0.71772695,-0.054026287,0.0033747025,-0.17624022,0.17208035,-0.36505917,0.3578037,0.09046365,-0.072384454,0.36505237,-0.07654564,-0.026337467,0.5264211,-0.55721897,-0.26835006,-0.47945195,-0.38077313,0.20982184,-0.15553507,-0.42374283,0.2575929,-0.53328156,0.36275783,0.113495044,-0.41742674,-0.33032575,-0.44329756,0.35069904,0.007397084,-0.6172031,-0.026445348,-0.31362832,-0.12231675,-0.21705998,0.18350217,-0.7114487,-0.097065896,0.32431296,0.61568874,0.064721555,-0.38064504,-0.008985925,0.4431297,0.49694183,0.14365217,0.4971773,0.39329758,-0.35876486,0.23369545,0.4523451,-0.33220392,0.16936143,-0.4791928,-0.48466024,0.49054646,0.48998043,0.1643122,0.34452707
0.47719115,-0.40927264,0.3873371,0.0024938933,-0.29970327,0.5775206,-0.54952335,-0.3863599,-0.44552228,-0.19387624,0.221272,0.2773972,0.29331395,-0.21675433,-0.24020569,-0.42258006,0.013276693,-0.49324036,-0.31960496,-0.33506748,-0.12634441,-0.60352147,0.26268104,0.0986243,-0.4117012,-0.58339584,-0.015488526,0.7586289,-0.17308356,-0.70911795,-0.31009486,-0.44727623,-0.27575415,0.7165711,-0.31452775,0.344929,0.34419504,0.19684836,-0.30799547,-0.24046634,0.07301201,0.35842544,-0.02526324,-0.06519006,-0.8854296,-0.3936137,-0.26528043,0.38800836,0.7126258,-0.6754374,0.8320999,-0.24784578,-0.5678436,-0.5575594,-0.29892978,0.20113885,0.023250362,-0.470103,0.37872934,-0.84205514,0.84158194,-0.11248922,-0.2533159,0.0154277645,0.05541894,-0.38217804,0.45280868,0.40102857,0.6338781,-0.3502057,0.21507728,0.44434884,-0.18472607,0.47276223,-0.9360608,0.2351269,0.49770668,0.449702,-0.48731583,-0.1292975,-0.24558543,-0.3420514,0.20459838,-0.1478235,-0.12936716,-0.25128785,-0.35958895,0.06405568,0.018063722,-0.24153718,-0.44877797,-0.8927396,-0.35973582,-0.048013095,0.6104641,-0.102727614,-0.45625353,-0.42068315,-0.015626995,-0.17178908,0.21400031,-0.26055226,-0.38640237,-0.764298,0.31857374
-0.47559562,0.5377714,-0.8028238,-0.12581037,-0.23476093,0.048755452,0.5459173,0.055626564,0.3635814,-0.00091234356,0.079675525,0.23573048,-0.50897706,0.35008654,-0.27711615,0.14457849,-0.13793978,-0.08025945,-0.18583097,0.45833787,-0.053376656,0.6407345,-0.27719653,-0.2591439,-0.08176996,0.53923476,-0.29479986,-0.32130745,0.17624334,0.4035476,-0.37679055,0.23947626,-0.14538774,-0.23961405,-0.014219412,-0.20317355,-0.36168364,-0.6131537,0.042698085,0.32195103,0.01618475,-0.4564277,0.59350115,0.2208585,0.43824732,0.30410558,-0.23677875,0.46219304,-0.26177064,0.37767845,-0.36062714,0.31579852,-0.10158973,0.11009892,0.44676375,-0.40006536,0.086214036,-0.032918785,-0.43671548,0.34816948,-0.35125574,-0.23093137,-0.008632813,-0.39399976,0.25443274,-0.19064996,-0.82052255,-0.15159911,0.17872266,0.49860278,0.03223604,-0.6708663,-0.030519234,-0.1632537,0.27609432,-0.119663574,0.25588718,-0.937293,0.22154179,-0.32086968,-0.017952576,-0.22150515,0.12474836,0.11214668,0.29184312,-0.2650769,-0.0074226456,-0.1369385,-0.28251895,-0.40258056,-0.10001841,0.45217222,0.01079279,0.11080707,-0.33160678,0.4341996,0.15046202,-0.36650115,0.06878879,0.13882591,-0.0047805896,0.07449645,-0.1440924,0.70298666,-0.031204622
-0.2975373,-0.12257752,0.055579666,-0.024978518,0.24988629,0.08269771,0.061289657,0.6940876,0.1541972,0.009739176,0.10832402,0.2233396,-0.33588365,-0.15519056,0.22413391,-0.30928585,-0.16531762,-0.014533751,-0.20927642,-0.4051036,-0.027844643,0.005290425,-0.11472412,-0.11619195,-0.031601798,0.043577183,0.2633914,0.5249716,-0.093752325,-0.3436757,0.016643522,-0.42331058,-0.33510196,0.51351446,0.15594877,0.2285761,-0.33284113,-0.04424309,0.28914583,0.16962843,-0.32908466,-0.17141676,-0.31062916,0.46515918,0.10908419,0.09311157,-0.07477924,-0.1405878,-0.07351012,-0.3484174,0.5219337,-0.5286843,-0.06019517,-0.5376799,0.14357974,-0.16189751,0.063070334,-0.5935399,-0.043974344,-0.46056077,0.44084823,-0.09536606,0.19792853,0.27130005,0.020642461,-0.073086254,-0.09594757,-0.27640417,0.08022636,0.33433035,0.028830307,0.09133332,0.5494321,-0.2496029,-0.084050395,0.13215823,-0.23051554,-0.24181521,-0.24902962,-0.038202148,0.1501527,-0.114713855,0.21912515,-0.028903922,-0.2144016,-0.12230944,-0.34529573,0.036190737,-0.091582865,0.087593,-0.29271525,-0.11905485,-0.21170314,0.13684297,-0.24799147,-0.12059258,0.15935206,0.26082885,0.34772846,0.19522722,0.83041847,-0.3811268,0.11916774,-0.293675,0.24961036
-0.552848,0.4557209,-0.32357576,-0.011647917,-0.15852988,-0.32723784,0.7697335,0.31759092,0.26245064,-0.12822998,-0.26633513,0.16287681,-0.32599705,0.16647547,-0.15133955,-0.14778112,0.16081025,0.27443972,0.73672116,0.24262516,-0.1844488,0.5442243,0.6654753,-0.2384624,0.4307817,-0.057420064,-0.29768178,0.5203829,-0.69969916,-0.019667445,-0.2694358,-0.29916435,0.056188915,0.9898016,0.025307208,-0.08303418,0.45096043,-0.54043865,-0.27219012,-0.47762775,0.5401294,0.040218014,0.25182027,0.22458921,0.6436635,0.5687045,0.071355484,0.3035027,-0.33512047,0.014263215,0.64377844,-0.17424409,0.55473983,-0.5332562,0.58890176,-0.35321543,0.40275764,-0.091987975,-0.25022858,-0.77846336,0.756994,-0.21645564,-0.092669755,-0.07676209,0.015371833,-0.18719208,-0.6801855,0.12700437,-0.12650312,-0.012925378,0.5866036,-0.57648194,0.17843893,-0.043436993,0.09863179,-0.1787367,-0.5326659,-0.7291245,-0.28377628,-0.5055373,-0.17292447,0.10973667,-0.01603359,0.43354467,0.44847485,-0.026711099,0.074308135,-0.20874785,0.20856674,-0.50003207,0.051643983,0.3006012,0.1869486,-0.48730245,-0.07474652,0.4089339,0.05884213,-0.34413823,0.6388041,0.2592137,0.1118674,-0.21206751,0.3191895,0.41192055,0.14639002
0.6281496,0.39462999,-0.35911083,0.3601081,0.5408153,0.14387521,0.42696702,0.8746505,-0.056251004,0.491572,0.3152506,-0.8600147,-0.30689606,-0.43902192,0.034458827,0.1978223,0.05017864,-0.32733625,-0.23941974,-0.11961777,0.6673718,-0.21795005,-0.35032737,-0.10561459,-0.34365243,-0.11677912,0.4989271,-0.33841458,0.3503792,0.34807518,1.166929,0.047296252,0.20226371,-0.5028149,0.34943745,-0.4323941,-0.34679,0.44849598,0.6144462,0.37407154,0.012239597,-0.40573213,-0.77472895,-0.37069398,-0.1639282,-0.34602937,0.59631366,0.0025089942,-0.26906213,0.2542774,-0.31663015,0.2618422,0.6545464,0.50886774,-0.46009722,0.40279907,-0.71489465,0.29400304,-0.22800824,0.30311602,-0.33670723,-0.06625836,0.096845396,0.529979,0.1825073,0.27863958,0.16344796,-0.20202474,0.34915942,0.49840593,-0.6518603,-0.25096694,-0.11810055,-0.26517382,0.23777387,0.30321768,0.2347054,0.65594554,0.86275136,0.24829483,0.17166182,0.09907457,-0.3193198,-0.22190346,-0.46181846,0.16906515,0.26897308,0.23825052,-0.80307364,0.36148858,0.18970853,0.12095282,0.27533138,0.16150355,-0.44509417,-0.2981473,-0.48495528,0.7236215,-0.30155274,0.5445827,-0.24891606,0.41596523,0.8203919,-0.1490005,-0.73247266
0.18279432,0.32522076,-0.17489995,-0.34871793,0.04145749,0.8664667,-0.029933713,-0.25058004,-0.23940592,0.3281393,-0.37245965,-0.46735546,0.03643937,0.3547031,-0.3447187,0.5876431,0.3473555,-0.09328189,-0.21373998,0.35428333,0.39040682,0.39336333,-0.28412506,0.35553724,-0.48921618,-0.36412132,0.3587802,0.45598486,-0.44634256,-0.45026004,-0.26294896,-0.012197632,-0.40973178,0.33494917,-0.40672448,-0.30622467,0.23624782,-0.19314066,-0.45232278,0.37379092,0.57337564,0.40792763,0.29611516,0.11994887,-0.066325374,0.36638683,0.26501593,0.2160397,0.4181088,-0.35598132,0.44462448,-0.39572003,-0.7268886,-0.65852505,-0.27146342,-0.5722447,0.6916242,-0.018727865,0.44551253,0.3673278,-0.36689815,0.31229848,0.31915638,0.30348334,0.030187687,0.18408102,-0.3935995,0.38153687,0.37241018,-0.3528287,-0.29073712,-0.39610216,0.27967653,0.49847725,-0.27702728,-0.5532909,0.3536349,0.17043878,-0.21906278,-0.18943311,0.3207048,-0.6423283,-0.06818812,0.5850495,0.24456756,-0.39387092,0.30026925,-0.43780124,-0.30086595,-0.5844515,0.16733909,0.31910878,0.123586416,-0.33242726,0.4071018,0.3283717,-0.39833578,-0.04850551,0.5483082,0.19026306,0.44249576,0.00045143973,0.4187581,0.19753326,-0.108290374
-0.44442058,0.5468444,-0.70512056,-0.6950816,-0.31392965,-0.08842773,0.83712816,0.13870786,0.7828628,0.113485426,-0.8638626,-0.33829856,-0.31181166,0.5888792,0.029219354,0.3817753,0.3346836,1.0837836,0.482676,0.6577187,0.018885015,-0.16354202,0.11712111,-0.18808225,0.649293,-0.08615595,-0.59609765,-0.4980234,0.07718217,0.63007,-0.21629214,0.57868177,0.84946567,-0.48797637,-0.83238596,-0.45218277,0.8659913,-1.051852,-0.43899086,0.48552015,0.7505929,-0.705,1.0594709,0.6131333,0.21906906,0.70512,0.22479773,0.6039004,-0.18846956,0.70321447,-0.539969,0.2890579,0.49871874,0.66043204,0.72386295,-0.8695473,-0.3041303,-0.3938184,0.46744192,0.69375116,-0.6973038,-0.23575413,-0.028603338,-0.49498603,0.08091166,-0.14496468,-0.65394926,0.22966047,-0.443823,0.30306837,-0.88590044,-0.760648,-0.39852515,0.59829897,-0.014105091,-0.532566,0.12801449,-0.6635306,0.835817,-0.14150059,0.2199384,-0.62558573,0.07802721,0.68267566,0.6575592,-0.6882993,0.80796784,-0.22351135,-0.09604142,-1.0226969,0.37827757,0.7381329,0.28075117,-0.016674569,1.03765,0.7327221,0.5409296,-0.27874687,0.4089575,-0.71281654,-0.095085345,0.4317745,-0.13775285,0.27484217,0.026621973
-0.32435325,-0.17173088,-0.03734059,-0.5289447,0.37175643,0.05428374,0.38967988,0.69151926,0.25873494,-0.15539932,0.08786479,0.0044492777,-0.24774872,0.27504635,-0.08283831,0.15977626,0.43618864,0.13768953,-0.36217016,0.19528982,0.20176135,0.00035463995,-0.40975925,-0.2549385,-0.54798603,-0.11143036,-0.101300985,-0.22915302,0.28281134,0.19790037,-0.3893502,0.30318975,0.1658948,-0.32192332,0.30423126,0.4450277,-0.2662242,-0.06038354,-0.1516592,0.2256775,-0.17590228,-0.14124623,-0.22765306,0.076431125,0.056470238,0.39725092,-0.058673777,0.54187375,-0.20695694,0.21574791,-0.22240236,0.21116371,0.32055137,0.31401956,0.38669235,-0.104337044,-0.1350222,-0.60167116,-0.17478892,0.35520944,-0.3779996,-0.22253703,-0.24782844,-0.103971206,0.2439986,-0.2092076,-0.1783311,-0.16728121,-0.37620035,0.4129797,-0.33173776,-0.58343035,-0.2328477,-0.17263368,0.14789031,-0.04847013,-0.38359988,-0.2709571,-0.20583096,0.025415111,-0.19298083,-0.2539882,-0.43494743,-0.16218004,0.027040977,0.18163499,-0.18396159,-0.33248568,-0.36315987,-0.1165226,0.16602503,0.18164696,-0.035772808,0.34345675,-0.13255613,-0.11303908,0.2121559,-0.4475677,-0.15575336,-0.45772535,-0.0008127679,0.31636828,0.36184317,-0.23305507,0.35050312
0.46029994,-0.10642301,-0.51886964,0.44099343,0.41621262,-0.3906184,-0.45605236,-0.27765983,-0.22320005,0.5914365,0.6015996,0.28052333,-0.68184316,-0.83774215,-0.3844148,-0.46197957,0.4306139,-0.51604515,-0.49131647,-0.50026935,1.1793239,0.69611055,-0.53253895,0.4275056,-0.50838274,-0.4883325,0.58016175,0.5391498,-0.7635708,-0.49920124,-0.30539444,-0.2849353,-1.2186615,0.49025577,0.57620084,0.39483157,-0.6981299,0.096365675,0.46733102,0.7732821,-0.42915,-0.68716675,0.02404309,-0.3911931,0.4045552,-0.71676385,0.63356847,0.34433657,0.40602347,-0.55663407,0.6667903,-0.2777771,-0.6698765,-0.608343,-0.31575915,0.3304464,-0.7266788,0.29113033,-0.34406644,-0.5003563,0.4158321,0.39674336,0.52053,0.43035355,-0.2340414,0.09104518,0.3530622,0.2810258,0.45068738,0.3789673,-0.5247816,0.43700802,0.44833583,0.39311817,-0.4407517,0.05858371,0.5843889,-0.4000976,-0.92791754,-0.41555515,-0.2734976,0.28648135,0.03573555,-0.32243133,-0.5691578,0.21451876,-0.89849263,0.53122085,-0.69123,0.2582368,-0.653454,-0.45904356,-0.12931958,-0.4411005,-0.4295879,-1.100608,-0.35016212,-0.28857282,0.41113147,0.4985772,0.20971671,-0.14118879,-0.36616287,0.501826,-0.09563897
-0.37024182,0.5202674,-0.26110104,-0.62903625,0.3898034,-0.45384037,0.6094015,-0.7934654,-0.102288224,-0.4504865,-1.0013213,-0.13836846,0.049650118,0.6360391,-0.0844048,0.4622551,0.69407964,-0.16954714,-0.47186762,0.48134282,0.53173125,-0.55829406,-0.79359335,-0.34213787,-0.6732236,-0.68672234,-0.37911466,-0.4069971,0.44869608,0.35970822,0.2494958,0.6171746,0.7613095,-0.61868644,-0.5114452,-0.03635888,0.4826163,0.26201802,-0.52348465,0.32136917,0.012441804,0.079135075,0.99692017,-0.5847909,-0.05685244,0.6604335,0.56766886,0.17235526,0.019468196,0.4938551,-0.4673028,0.3281225,-0.37550488,0.7015704,-0.6528462,-0.13433458,0.4200242,0.54225075,0.5757749,0.8757207,-0.89849675,-0.27691466,-0.44527718,-0.43792602,0.06351409,0.25075576,0.7022327,0.13082968,-0.39085242,0.641751,-0.9078327,-0.66941345,-0.42650604,1.0622274,0.08633965,0.19416253,0.43934226,0.3577821,-0.19328213,0.4018875,-0.57138854,-0.022699911,-0.60903215,0.45698527,0.3195227,-0.7699174,0.32958695,-0.5112172,-0.12966989,0.6602396,0.47180358,0.5907435,0.06986176,0.6611563,0.52325356,-0.6518869,0.5656058,-0.55410105,-0.30865508,-1.1036924,-0.44468895,0.50157475,0.39462224,-0.8492032,0.14105327
1.308742,1.8850454,-0.93988836,1.1055868,1.2849375,-1.360992,-1.8461772,1.7444031,-1.5163459,1.220518,1.0771348,2.5720005,-0.99364865,-1.8047956,0.85069734,-6.120298,1.2565721,-1.3786242,-1.0042392,-0.60283,1.8777028,0.8669687,-1.3266704,1.4843606,-1.1456909,-0.9285671,1.223125,0.45301372,1.1766853,-0.7783637,-0.78565496,-1.2090877,-0.7576503,-0.20152517,1.1788743,-2.0290794,-1.1586708,-2.491573,1.2221185,1.2862915,-1.2001876,-1.443413,0.46155095,-0.94854885,-1.3974226,-1.0970249,0.942851,1.0234416,1.2176393,-1.2018102,-1.291792,-0.8151185,-0.78231543,-0.32404253,-1.7133695,1.4164503,-2.0510273,1.3796586,-0.93836063,1.06287,-1.0865412,1.5448474,1.2037817,1.1424271,-1.4348526,1.5749441,1.5259331,0.25771794,1.1760818,1.4199222,-1.194864,-0.7816894,1.1381975,1.3270181,-1.4650776,1.7400374,1.423373,1.6255642,1.5183927,-1.2706308,-0.00966343,1.7056715,0.67789876,-1.3256191,-1.1306283,0.87467384,0.050344437,1.5163296,-1.4692137,1.2119374,0.6608504,2.071975,1.218534,-1.4222858,-2.0623448,-1.1186726,-0.40808555,1.1475644,-0.98005784,1.2009327,-1.2913766,1.0271846,-1.2024626,2.6424317,-2.3809469
