-0.20420034,0.30177176,0.13886483,-0.14217585,0.054254692,-0.16091534,0.023961592,0.19617592,-0.2586643,0.27572155,-0.25629693,-0.015964797,0.43017334,0.2972285,-0.15645751,0.25835615,0.06620611,0.0808847,0.40652502,0.13978662,-0.09496161,-0.022665245,0.55904037,-0.25290883,0.32898015,-0.34179187,-0.2795654,0.39261323,-0.0669655,-0.23534498,0.23703732,-0.15626244,-0.30662683,-0.41612402,-0.18329349,-0.22418799,0.2641606,0.28862315,-0.12764017,-0.29098317,0.017590906,0.4762209,-0.2513321,0.13179322,0.17308588,0.1992745,0.27202237,0.204103,0.29830202,-0.23260553,0.5667432,-0.4520251,0.13838308,-0.09815527,-0.07701529,-0.24617033,0.33092007,-0.1368881,0.33626232,-0.104364984,0.21666452,-0.13520043,-0.183341,-0.29621094,0.3427877,-0.25165674,-0.37167907,0.12694809,-0.18147768,-0.13444503,0.54189134,-0.26578596,-0.23639739,-0.1925871,0.054998454,0.09172769,-0.44683442,0.13596083,-0.2347813,0.026002493,-0.04752791,-0.11325779,0.14153208,0.30928418,0.26596218,-0.27356583,0.28280827,-0.2641856,-0.2104389,-0.110865556,0.08937332,0.19479518,0.25350675,0.062894695,0.29497078,0.42639545,-0.47823387,0.044936087,-0.23014659,-0.32269314,0.032299664,-0.3951059,0.3419482,0.17780022,0.1794954
-0.21868256,0.4866454,-0.3363056,-0.2177067,-0.1474775,-0.39609927,0.5001333,0.027961662,0.3240733,0.16282792,-0.09245587,0.04551492,-0.7359423,0.31216255,-0.09148675,0.28223133,-0.10609702,-0.22164094,-0.011145732,0.2515949,-0.44447762,-0.19848225,-0.013872604,-0.22543012,0.13319296,-0.2828249,-0.20150891,0.15396261,-0.0031814151,-0.18568692,-0.08264705,-0.16165389,0.062128462,-0.03129409,0.048418283,-0.039534718,-0.047525045,-0.01911098,-0.07266894,-0.15280665,-0.29835907,-0.33746803,-0.038057342,0.31689817,0.6601354,-0.2028495,0.30047536,0.08479248,-0.0813736,-0.12096126,-0.0023227846,-0.103931814,0.1348048,0.07222192,-0.2505718,-0.22067545,0.29797944,-0.05631732,0.18631433,0.0045642266,0.0073285475,-0.21609473,-0.03174206,-0.020077078,0.01289614,0.043941718,-0.31862494,0.0811484,-0.08558165,-0.3159426,-0.3237962,-0.1809941,0.18265273,0.18921177,0.09578777,0.11163485,-0.17186442,-0.60684925,-0.15356517,-0.1136937,-0.3525248,-0.0573776,0.24732374,0.11285072,0.29867855,-0.53855914,-0.18257482,-0.04915813,-0.15860218,0.16888943,0.20931692,0.09511242,0.14149174,-0.12324287,-0.34936595,0.097987644,-0.33088985,-0.22388622,0.3119731,0.21630679,-0.09091332,-0.35157877,0.0744853,-0.12946975,0.047604024
-0.6117496,0.7811499,-0.5322462,0.17991048,-0.19683214,-0.69291866,0.9232514,0.83134687,-0.07635193,-0.20313743,-0.8078725,0.5109236,-0.27348754,0.45377636,-0.13144784,-0.30247438,-0.66234934,0.18499634,1.0911931,0.3978515,-0.23830219,-0.028837629,0.9785314,-0.39494193,0.9477026,0.6513965,-0.5806251,-0.27417135,0.1986769,0.6579572,0.17523056,-0.0998003,-0.5052135,0.3821966,0.34788236,0.1820928,0.24876252,0.03667774,-0.42072755,-0.31492057,-0.19081362,0.77052784,-0.3474811,0.49613753,0.494118,1.2126343,0.009614038,0.38767987,-0.32632843,0.4121921,-0.36068717,0.3281896,0.50603026,-0.2121356,0.6999315,-0.8224071,0.32333204,-0.33510903,-0.12523618,-0.34012344,0.4082237,-0.30030224,-0.22552322,-0.52885324,0.27334666,-0.060117714,-0.7871981,0.23594919,-0.20044418,0.7849103,0.73706585,-0.75656056,-0.10429205,-0.6275279,0.39648557,0.2817589,-0.56556034,-0.9185421,-0.25804952,-0.52018046,-0.4310023,0.8801465,0.3972995,0.19276567,0.9345322,0.08883546,-0.2129046,-0.47844577,-0.2845621,0.009886711,-0.90360314,0.26204163,0.018785587,0.17290308,-0.52812034,-0.0052103144,0.47684082,0.31667683,0.35634115,-0.3669995,-0.18575996,-0.74434423,0.22174717,0.41279593,0.22145979
-0.3752038,0.59472966,-0.59385365,-0.18982558,-0.22012298,-0.119379565,0.46303034,-0.017794173,0.3179797,0.18807721,0.3562093,0.07843617,-0.4546243,0.39387503,-0.12225122,0.4499924,-0.42019308,0.14927517,-0.3104025,0.38676345,-0.36769795,0.0059618405,0.05643865,-0.2711677,0.36452344,0.29172093,-0.2142563,-0.28988376,0.2512482,0.35967487,-0.27311024,0.07686239,-0.34042287,-0.18749645,0.07063298,0.002005867,-0.36739752,-0.19105113,0.19608511,0.21324189,-0.033738866,-0.39643887,-0.38258022,0.17163202,0.3917803,0.12064499,-0.10558496,0.31092337,-0.2503337,0.33818114,-0.3365874,0.29979485,0.20422289,0.03342795,0.684966,-0.735175,0.072526924,-0.34177992,-0.38482532,0.29570776,-0.303171,-0.28073117,-0.11341351,-0.2735867,0.45198986,-0.39317262,-0.7602578,-0.45504725,-0.08913252,0.3797551,-0.26259872,-0.6848642,0.013497615,0.34766164,0.30649012,0.025039535,-0.38648674,-0.46867487,0.10268131,-0.04747036,-0.15253676,-0.2990064,0.028731775,0.01823912,-0.07128418,-0.25388965,0.15456054,-0.3149616,-0.48497728,-0.53133583,0.0073677674,0.192944,-0.12783518,0.19969119,0.15511091,-0.027459092,-0.1733699,0.0746522,0.1224503,0.22367603,-0.11666173,-0.09911974,-0.49086964,0.5716328,0.26548392
0.60099703,-0.15373684,0.13083635,0.030051235,-0.1107237,-0.22195801,-0.1866046,-0.16571076,0.32728168,0.83311296,0.3938166,-0.1267639,-0.45153242,-0.54868585,0.09849282,-0.46234134,-0.13834083,-0.34502771,-0.1260141,-0.3841002,-0.15250567,-0.2649546,0.09642094,-0.08044931,0.09188935,-0.07153069,0.44538003,0.6232913,-0.23786777,-0.5647582,-0.2842313,-0.49867705,-0.022350293,0.44689977,0.13792634,-0.0292198,-0.26284873,0.5447304,0.203943,-0.2977173,-0.035216324,-0.22300431,-0.412871,-0.2718973,0.5322169,-0.33620003,0.009915555,0.3217804,-0.44304177,-0.58627367,0.6862605,-0.5710812,-0.39965105,-0.4766223,0.7831955,-0.11005981,0.10191819,-0.2789943,-0.10652463,-0.765528,0.7747776,-0.17973441,0.18147245,0.34160122,0.050790757,-0.8942785,0.13370156,-0.2914445,0.2351723,-0.45185617,0.23699382,0.31047696,0.4972789,-0.13176484,-0.20419705,-0.05355668,-0.08550058,-0.16877204,-0.27281454,-0.033401113,0.11755111,-0.1522845,0.090415254,-0.22638722,-0.30231088,-0.05276311,-0.38857853,0.41760072,0.043909494,0.03332836,-0.24047273,-0.32379776,-0.21584305,-0.439967,0.007196626,0.11174069,-0.6388133,-0.41854972,0.18714108,0.17008796,0.08648536,0.16998403,-0.026362244,0.34495872,0.6787476
-0.6031503,0.7300915,-0.36305678,-0.10800277,-0.24663374,-0.55762124,0.7444625,0.43491164,0.17429306,0.020315565,-0.52382815,0.016989492,0.4948357,0.46302652,-0.21569963,0.11096371,0.013896836,0.9490238,1.0211201,0.58106893,-0.19835693,0.021235347,0.98077345,-0.20378119,0.76000583,0.099864334,-0.5095157,0.18425317,-0.31388363,-0.13188262,-0.16795826,-0.16125306,-0.21471342,-0.08778621,-0.077109165,-0.35315472,0.7341887,-0.20205395,-0.3256378,-0.9616981,0.6219724,0.26931283,-0.37533376,0.44433144,0.7230228,0.48931083,0.0063656773,-0.21856344,-0.009623247,-0.039814495,-0.12222477,0.036851257,0.76881,-0.48339352,1.2486916,-0.48392236,-0.23638736,0.15806037,0.00329655,-0.6370103,0.7034822,-0.24163896,-0.11740556,-0.33179486,0.2907895,-0.22787353,-0.7977489,0.41399053,-0.5810725,-0.05594648,1.0573733,-1.0509502,-0.16464068,-0.5666626,0.24513328,-0.037505683,-0.81197757,-0.9581637,-0.37735128,-0.34755358,-0.3788861,0.19450901,-0.29279062,0.3681226,0.6903791,0.2728635,0.16882265,-0.37900576,-0.3395791,-0.2823747,-0.030712867,0.6620809,0.41598436,-0.5756653,-0.025234358,0.92269725,0.2037444,0.14390083,0.6140309,0.052474417,-0.09379482,-0.40457562,0.39340484,0.953501,0.091403425
0.12983496,0.51578146,-0.4651943,0.020254573,-0.44642347,-0.17262527,0.53811735,-0.48116058,0.4204059,0.050667062,0.20124638,0.080610305,-0.40757462,0.27124813,-0.13770106,0.22447711,0.3751834,-0.3293969,-0.19390775,0.27973366,-0.30896154,-0.5514863,-0.32906857,-0.24099742,-0.12431137,-0.16716899,-0.17267969,-0.23012237,0.19735631,0.23019643,-0.2696467,0.10297977,0.554708,-0.35652623,-0.0012346836,-0.28370678,0.0067086937,-0.31232697,-0.46794936,0.14593746,-0.16649966,-0.40596697,0.33633992,0.24143192,0.4282438,0.022246454,0.16060391,0.209805,-0.2802281,0.1649915,-0.22416438,0.21164593,-0.06724685,0.38588542,-0.45260742,0.18074432,0.039082244,0.20201148,0.15075687,0.16270012,-0.15602781,-0.2936442,-0.1085485,-0.11368505,0.03132866,0.14362824,0.27659717,0.2728578,0.10747902,-0.13111681,-0.60802966,-0.122627914,-0.1499511,0.4220686,0.06209362,0.10706356,0.44267285,-0.14388828,0.3991632,-0.22074571,-0.4078879,-0.5397732,0.13976473,-0.036364693,0.06570393,-0.46225715,-0.60010374,0.26548776,0.12845737,0.40371275,0.21978168,0.20165479,-0.31580383,-0.09284257,-0.53819907,-0.21608537,-0.4841621,-0.44572052,-0.020870112,0.4184199,-0.16343616,0.14141697,-0.20142138,0.016151777,-0.035408515
-0.4230933,0.5818892,-0.72323406,0.05664309,-0.1500033,-0.5992776,0.40673146,-0.39424142,-0.26787812,0.5034232,-0.5265495,0.6781342,-0.48800513,0.315841,-0.5067974,0.21018595,-0.039372504,-0.5152446,-0.09116479,0.5057392,-0.42300332,-0.20565927,0.55643386,-0.24839695,0.55808187,0.4633232,-0.43019703,-0.39146385,0.10707681,0.53715473,0.032640915,0.4169565,-0.4276197,-0.2746008,-0.15824062,-0.84549975,0.3723466,0.09907428,0.061531987,0.12304758,0.7732054,0.33177933,-0.27776787,-0.04138283,0.26484817,0.28848508,0.38749143,0.75814945,-0.14816405,0.39820418,-0.4501161,0.45541635,-0.09723117,-0.28778294,0.40779757,-0.4295923,0.6065712,0.11368099,0.13165832,0.36647457,-0.35991588,-0.28851834,-0.29352972,-0.53376716,0.32508087,-0.33101147,-0.87241894,0.40136817,-0.029117584,-0.43309522,0.21758732,-0.947784,-0.3054827,0.43209842,0.44522572,0.07992552,0.0019225796,0.887358,0.00852116,-0.57090956,-0.18079534,0.84607834,-0.31074277,0.56324583,0.4728217,0.5514787,0.8748216,-0.3567998,-0.24465686,-0.43594918,0.06999463,0.6948593,0.47807658,-0.02163591,-0.09308881,0.55151963,-0.18877567,-0.117061876,0.82088953,-0.24788095,-0.5323847,0.046394244,-0.6163721,0.8981592,-0.16398105
-0.34282306,0.5982022,-0.46515188,-0.34423223,0.69020265,-0.15812284,0.38495818,0.27892035,0.012273797,0.1756865,0.36723202,0.58747274,-0.43108243,0.092917055,-0.007263416,0.18406504,-0.24021287,-0.55397356,-0.4493921,0.23819618,0.52287805,-0.47912663,-0.7310792,-0.21422683,-0.49488598,0.17606941,0.6536553,-0.48877272,0.49924466,0.5021466,-0.3549941,0.25452143,0.3785855,-0.6787815,0.3848546,0.70991045,-0.42860323,-0.7692524,0.7487634,0.5546909,-0.7695774,-0.5907464,-0.123623684,-0.32611427,0.012583241,-0.11705893,0.51420087,0.40376836,-0.337512,0.49556306,-0.5015238,0.3876012,0.7488138,0.7282923,-0.83145547,0.71709025,-0.7602358,0.7633229,-0.34029526,0.63950056,-0.65872175,-0.19654894,-0.20921716,0.50513655,-0.21774755,0.33522698,0.17481312,-0.40330863,0.16041443,0.69406533,-0.81439,-0.6266024,0.23375495,0.55653626,0.18560463,0.5514322,0.5888629,0.78108305,0.8237836,-0.23556072,-0.22666724,0.97126454,-0.13468236,-0.48586646,-0.55512017,0.121268615,-0.1761568,-0.25029907,-0.65791225,0.61079156,0.43926254,0.6091463,0.40567288,0.32460475,-0.9418635,-0.25173482,0.73665416,-0.3539598,-0.4161127,0.59866816,-0.27914336,0.44349745,-0.15549572,-0.78450924,-0.27408543
0.26002878,0.42276824,-0.070431195,-0.3270576,-0.0016450902,0.045639038,-0.37667042,-0.29738092,-0.19075735,0.460384,-0.40373957,-0.3389886,-0.21347201,0.10918743,-0.53174955,-0.013370285,0.4124426,-0.3272177,-0.2231506,0.41416252,0.3775856,0.4510678,-0.24466698,0.40258312,-0.29336873,-0.44005412,0.29895896,0.42206174,-0.48082775,-0.56223154,-0.30372906,-0.06556671,-0.38801643,0.10473749,-0.60329247,-0.38858008,-0.21016753,-0.115545124,0.083992474,0.33596736,0.5906137,-0.18595348,-0.016690757,-0.13738321,-0.10795857,0.025516829,0.17074807,0.33317557,0.35636666,-0.49795154,0.7481258,-0.36391872,-0.3770809,-0.50828916,-0.32023844,-0.015183362,0.47053373,0.100454815,0.5666798,0.07087345,-0.050784253,0.23006286,0.110906735,0.23776098,-0.19942325,0.4548226,-0.38890308,0.70377,0.2886284,-0.035284497,-0.2876306,-0.43166718,0.3153603,0.49929363,-0.34203556,-0.39299992,0.37094957,0.42988294,-0.43582362,-0.41984147,0.37448522,0.111538015,-0.44845134,0.22931813,-0.036473237,-0.42718977,0.0011311044,-0.5644656,-0.44263297,-0.22440256,0.33141387,0.4174329,0.27890018,-0.37213823,0.14573483,0.3836433,-0.3537547,-0.43826038,0.71750647,0.3738559,0.5588591,0.38855854,0.617846,0.3765318,-0.111163884
-0.18816948,-0.21058264,0.39406276,-0.054088157,0.089842014,-0.098542795,-0.16206117,-0.15821429,0.12841813,0.3377579,0.18261236,0.17718048,-0.13916439,0.10880452,-0.10977601,-0.2985321,0.12210839,-0.20253631,-0.10234903,0.11639555,-0.03248635,-0.003467017,-0.20261395,0.19765553,-0.14277449,-0.2384834,0.20266084,0.3495339,-0.18705557,-0.35757032,-0.21218984,-0.12875287,-0.086172625,0.10758968,0.10727533,0.1924413,-0.2062597,0.022096876,0.25723663,0.060100287,-0.23208681,-0.14429224,-0.067791045,-0.007841116,0.30101162,0.048530612,-0.11779229,0.24265485,0.21754582,-0.27364334,0.46181384,-0.15883704,-0.12610005,-0.21297699,0.027087795,0.10262044,-0.079258695,0.01131728,-0.10995783,-0.38884744,0.41455463,0.0030048105,0.01730035,0.18146557,-0.10686466,0.025384922,0.18173385,0.16687427,0.08388343,-0.23262118,-0.2572603,-0.03145216,0.37647247,0.15458144,-0.25966662,-0.054384094,0.02229767,-0.11734141,-0.1979153,-0.074445345,-0.05574195,-0.17971782,-0.03577933,-0.2255155,-0.06700932,-0.22296509,-0.36269498,0.009216537,-0.26323476,0.09512151,-0.06402337,0.04267424,0.03641252,-0.16125105,-0.26649013,0.3679661,-0.22123723,-0.14220698,0.31610265,0.28294337,0.40643695,-0.022572376,0.04371101,0.03434872,0.2700567
0.3468579,0.6203359,-0.40484816,-0.29718518,0.26853916,-0.75334865,0.24663678,-0.44808784,-0.1740943,0.60649014,-0.5073872,0.0800981,-0.22301741,0.594634,-0.15646498,0.23879653,0.13412543,-0.4531193,-0.27297673,0.36073768,0.17111173,-0.17640345,-0.31124404,0.11447967,-0.22167324,-0.39702675,-0.053849436,-0.29114312,0.3015226,0.2634286,0.37018007,0.36370927,0.07679696,-0.43580684,-0.30603802,-0.43470442,0.063606896,0.40787283,-0.1405837,0.35651824,0.1313083,-0.37845084,-0.03482274,-0.10328806,0.13221967,0.23363875,0.4495553,0.14502344,0.41067794,0.14700508,-0.32196543,0.31191126,0.073328786,0.37112156,-0.5646394,0.2753129,0.43019673,0.39984065,0.5725769,0.46120647,-0.45140904,-0.06505829,-0.18114994,-0.008420774,-0.28585675,0.7520017,-0.21746469,0.45638508,0.3502943,0.06926004,-0.40731612,-0.32259193,-0.3172575,0.589826,0.24784404,0.5344849,0.41319638,0.153375,-0.016637256,-0.11610929,-0.39255968,0.3028658,-0.2554227,0.058218792,-0.0980594,-0.55735576,0.009215988,-0.33639327,-0.380286,0.4879774,0.099048704,0.46116775,0.40990123,-0.35165352,-0.19579159,-0.039948322,-0.3342108,-0.47348034,0.16239254,0.03864161,-0.30145884,0.10894567,0.37326732,0.21069299,-0.51286495
0.09605819,-0.16455644,0.32045144,-0.13488452,-0.1033402,-0.16570711,-0.675349,-0.052055575,-0.09138185,0.34275058,0.051419515,0.22547722,0.14916733,-0.02740176,-0.19302893,-0.15198873,-0.036745522,-0.2958298,-0.2097593,-0.19510716,-0.18946019,-0.31165358,-0.04007978,-0.12935764,-0.31589964,-0.18608165,0.14078148,0.4512938,0.061997563,-0.48456526,-0.09304955,-0.5268917,-0.27730304,0.059576128,0.04411625,0.00043470453,-0.20742415,0.5939278,0.1288269,-0.08910014,-0.28614157,0.2968348,-0.5008852,-0.094026126,0.059248984,-0.13724488,-0.06200701,0.202752,0.25990808,-0.38142678,0.46201703,-0.52881783,0.08121852,-0.14853372,-0.095526055,0.12480041,0.20123824,-0.13911222,0.07055602,-0.34271446,0.32073444,-0.1341967,-0.09798352,-0.020229207,0.14071949,-0.1740512,0.113866135,0.06955665,-0.13276981,-0.1461822,0.08451365,0.17287977,0.25779697,-0.07358793,0.24481902,0.31426862,-0.1542717,0.13230713,-0.34758204,0.06736184,-0.20985591,0.08445326,-0.06875694,-0.24578078,-0.12011122,-0.15197471,-0.23013246,-0.061133888,-0.23283245,0.096428625,0.06305999,-0.15097068,-0.1087373,-0.015621857,-0.21895158,0.16075033,-0.41401508,-0.039518964,0.30924386,0.10840822,0.18061459,-0.067199565,0.022646727,-0.15383138,0.2962317
-0.43327212,0.60507315,-0.5282153,-0.46715102,0.37347254,-0.6065499,0.56728345,-0.20174436,0.4487857,0.047313526,-0.5903082,0.09845735,-0.03987331,0.54762346,-0.04342689,0.22292128,-0.25054038,0.17069678,0.29237744,0.4317337,-0.3461274,-0.16596001,0.2649033,-0.36341354,0.7074582,0.67679673,-0.46910307,-0.35383108,0.29919127,0.45519978,0.0763751,0.35491478,-0.1179996,-0.30095616,-0.041960735,0.16812965,0.09870415,0.20294575,-0.24599984,-0.32372335,-0.09557711,-0.13447478,-0.12121491,0.44182426,0.21986204,0.44083238,0.38635537,0.23620111,-0.2635449,0.45077273,-0.38738728,0.32786015,0.15513614,0.32899475,0.4635025,-0.6619851,0.29553932,-0.07711479,0.28525293,0.48436505,-0.49414557,-0.27757695,-0.20202476,-0.5341317,0.28916916,-0.25121745,-0.6902424,0.09267553,-0.35935336,0.016002726,-0.25780812,-0.8109652,-0.14983562,-0.32200015,0.24541563,0.12137406,-0.56247145,-0.8906086,0.21607861,0.049490858,-0.28907928,0.568103,0.28937677,-0.02730013,0.6702769,-0.080130644,-0.10578381,-0.36703372,-0.3309109,0.23461746,-0.040175777,0.5820818,-0.091703504,0.31032792,0.18638298,-0.10627522,0.43136522,-0.214659,-0.5585652,-0.45146713,-0.25976858,0.11813257,0.36519143,0.6776284,0.3527122
0.5433779,-0.32615355,0.29137373,-0.37816295,-0.46981025,0.4819482,-0.37787274,-0.45378408,0.01286528,0.11251106,0.84267604,0.05176822,0.10101192,-0.15118305,-0.21000867,-0.051946722,-0.2883041,-0.15389802,-0.27785715,-0.31908366,-0.2868423,-0.20726977,-0.28501773,-0.061475143,-0.13026659,-0.32708076,0.0067972066,0.5913196,0.0024643783,-0.49694115,-0.56172043,-0.65255386,-0.039672464,0.5064509,-0.3141354,0.29852182,0.32193476,0.0029508637,-0.262198,-0.3812746,-0.18951578,0.15623851,0.36996937,0.19571535,0.5685501,-0.2858587,-0.35489294,0.1950968,-0.24441072,-0.51784253,0.73180676,-0.014643385,-0.053578276,-0.39769748,-0.19908348,0.13164783,-0.17293225,-0.29971376,0.17800833,-0.7885676,0.77971154,-0.19457226,-0.143891,-0.096707374,0.0042523327,-0.24702927,0.43374696,0.053720035,0.2713364,-0.39628053,0.1483658,0.3862857,0.0333213,0.35580337,-0.5393595,0.22693458,0.42823958,0.22679217,0.05178903,0.13355681,-0.2393357,-0.23655774,0.45665443,-0.39101347,-0.33547354,-0.3598088,-0.40284297,0.6257276,-0.19874582,0.12809524,-0.31570268,-0.3830891,-0.4209632,-0.33338192,0.2506098,0.18834367,-0.48372006,-0.50774485,-0.15693688,0.023831628,0.23627925,-0.12365982,-0.39487174,-0.20069833,0.17124018
-0.0090215765,0.27725288,-0.5459801,-0.36899775,-0.23069097,0.37703833,0.6154598,-1.0174822,0.42982373,-0.22641955,0.22132955,-0.075502045,-0.39144996,0.33811164,0.022394143,0.5202179,0.11138526,0.2748284,-0.40820464,0.26155704,0.48195302,-0.022136467,-0.5233007,-0.28166863,-0.27813917,0.5937572,-0.13396086,-0.43405238,0.38471338,0.47667703,-0.26545697,0.44316602,0.21795538,-0.31955603,0.0855589,-0.057885505,-0.10138071,-0.59361774,-0.3232146,0.41748443,-0.007909713,-0.4697314,0.7472754,-0.21179242,0.105302915,0.68890697,0.058421575,-0.008240188,-0.3189258,0.5003901,-0.44890502,0.38682786,0.22206777,0.5231035,0.32338798,-0.73591954,0.061675083,-0.4468926,-0.030454172,0.61597407,-0.62639177,-0.26948416,-0.105097815,-0.34857342,0.2513834,0.024293471,-0.29212606,-0.45656538,0.010929592,0.44455212,-0.7284596,-0.54613644,-0.2821239,0.24948338,0.28592288,-0.3034991,0.49860635,0.20945728,0.77400947,0.24878792,0.14000143,-0.09635059,-0.028040947,0.04470112,-0.44192156,-0.15235521,-0.008297405,-0.13212322,-0.15313677,-0.03881278,0.14383869,0.36919424,-0.4388712,0.35323218,0.4522158,-0.9544705,0.46800074,-0.33629718,-0.1606554,-0.4221451,-0.10894591,0.46591148,-0.04803386,-0.12433895,-0.13270503
-0.18410099,0.35076866,-0.4937643,-0.8336504,0.25178304,-0.24187213,0.39564547,0.1444535,0.22869448,0.15217613,0.31694463,-0.07826836,-0.2812258,-0.056048512,0.27325067,0.08690369,0.1572423,-0.24795353,-0.2598087,-0.2947595,0.475133,-0.32338157,-0.22049317,-0.15191817,-0.2087175,-0.25024706,0.38085824,-0.08761918,0.1753049,-0.05969485,0.06441854,0.2864983,-0.059117127,-0.044546023,0.25766692,0.36089644,-0.23922491,0.25271693,0.32734254,0.22682509,-0.35592997,-0.21460028,-0.33309713,-0.17783485,-0.061090555,-0.10271343,0.3653259,0.3482069,-0.112999216,-0.19169451,-0.040901303,0.08132246,0.1722651,0.2572141,0.055106215,-0.08584613,0.11282657,-0.7502149,0.08469947,0.14973639,-0.12957917,-0.11413001,-0.06049484,0.08157713,0.08105085,-0.07713882,0.06251593,-0.07679216,-0.2679751,0.19262195,-0.44867593,-0.14153737,0.011322228,0.28117022,-0.021841064,-0.06917249,-0.07592193,-0.42023388,-0.13454334,0.10692906,-0.10639511,0.09333729,-0.37062955,-0.17330779,-0.20431824,0.05320563,-0.25638503,-0.15229908,-0.35952708,0.12957455,0.028077494,-0.3593687,0.034160096,0.1799746,-0.08710086,-0.16471201,0.035135917,-0.7324845,0.04894511,-0.047502518,-0.003890854,0.18988287,0.1379382,-0.2268401,0.35674766
0.37733692,0.3244771,0.03279639,-0.17557222,-0.36965623,-0.31514677,0.37403974,-0.029105458,0.21634392,0.34505653,0.29210803,-0.2061358,-0.18059504,-0.16743949,-0.14030167,-0.09482254,0.14017928,0.062432222,0.5840942,-0.27010295,-0.42789802,-0.36973652,0.38280287,-0.0779415,0.5599018,0.034087032,-0.090471886,0.49260148,-0.5487348,-0.37542087,-0.24906728,-0.5779881,0.45684657,0.0041969502,-0.301604,-0.70943177,0.40736616,-0.016952988,-0.23553361,-0.44989327,0.48795614,0.0463216,0.27422148,0.10065418,0.5579685,-0.22259572,0.06887313,0.2804928,-0.30341896,-0.39916483,0.48867565,-0.5737777,-0.22645815,-0.28943905,0.1565992,-0.35686576,0.26144496,-0.1453928,0.16483523,-0.49278378,0.4835374,-0.18315029,-0.11676892,-0.16951855,-0.04795882,-0.13905875,0.09608192,0.08439671,-0.10076147,-0.39222774,-0.0081734555,0.5074472,0.110644855,0.32006997,-0.077648535,-0.021539753,0.15556712,0.14898743,0.22501732,-0.18819414,-0.10065142,-0.490754,0.32758307,0.3817877,0.07174445,-0.45568714,-0.101427704,0.5116065,0.7611081,0.20338278,0.089706674,-0.3632257,-0.26057467,-0.6758341,0.09637546,0.29015988,-0.50123703,-0.3154182,0.4101284,0.31950524,-0.3836463,-0.054140866,-0.39204136,0.17609082,-0.05612455
0.19424494,-0.4928851,-0.38476375,0.37277526,0.42250824,0.6405463,-0.28018776,0.19286917,0.15049909,0.3960192,0.41946277,-0.6246592,-0.5157602,-0.4002843,0.3270533,-0.43045285,-0.1563173,-0.28911975,-0.5164034,-0.33266973,0.116653115,-0.3620721,-0.4781172,0.51731306,-0.41157544,-0.011517845,0.47421753,0.39730972,0.3728231,-0.31927156,-0.46051183,-0.29455826,0.080403425,0.13465303,0.34183294,0.3923308,-0.4307552,-0.19535872,0.38512662,0.6546208,-0.35110667,-0.40937543,-0.5616116,-0.35542795,-0.36827153,-0.37741825,0.29193956,0.11618972,-0.30303475,-0.33334547,0.33683097,-0.30332565,-0.57178175,0.41086558,0.047146566,0.24837624,-0.33874047,0.18493529,-0.27281204,-0.08393095,0.035489578,0.25322187,0.38621667,0.34621537,-0.13677406,0.1260669,0.31896833,-0.27975777,0.0458249,0.3574738,-0.4738013,0.25708076,0.26275578,-0.14149792,-0.2608202,-0.0384126,-0.20949186,-0.14425892,0.14587274,0.6089369,-0.18188103,-0.18893892,-0.50131136,-0.24062255,-0.44039345,0.15082438,-0.67549694,0.3105236,-0.61072433,0.1962453,0.100082435,-0.36404875,0.36610126,0.54309094,-0.37669748,-0.28993848,-0.13504621,0.046023175,-0.11767596,0.4239295,-0.012833918,0.067570575,-0.15093145,-0.3732604,0.118192814
0.2349917,0.52305377,-0.16701359,-0.4630035,-0.4752162,-0.49205217,-0.592408,-0.2983897,-0.20069653,0.47897297,-0.37556276,0.120502606,0.27665824,0.4251336,-0.37712348,0.3080864,0.29951724,-0.27319327,-0.17509186,0.304986,0.26876265,0.3258814,-0.21972394,0.4161782,-0.3858212,-0.4186254,0.032151695,0.4734525,-0.42040953,-0.60717887,-0.15750532,0.10882328,-0.2426302,0.2545689,-0.4253842,-0.43914282,0.37281984,-0.012427291,-0.51882434,0.35226947,0.47148746,0.22391756,0.07493515,0.20205002,0.48646837,0.7152437,0.13897115,0.24115457,0.43134236,-0.4343789,0.40612513,-0.5276274,-0.23465341,-0.33917114,-0.5217306,-0.47059602,0.56871134,0.24304837,0.5074459,0.36747405,-0.35191324,0.23775798,0.08315525,0.21675614,-0.25129214,0.4917521,-0.31523237,0.5320154,0.3036146,-0.41877785,-0.29032573,-0.34390444,0.2411145,0.57159764,-0.13797966,-0.04071739,0.3828208,0.16921885,-0.9786967,-0.32606587,-0.19184999,0.15530583,-0.07733315,0.4139509,0.37912625,-0.43272942,0.17282854,-0.48039776,-0.32731208,-0.26898217,0.216529,0.36971062,0.21659806,-0.44057983,0.2730405,0.30584118,-0.4228861,-0.42126858,0.39053082,0.28518957,0.40530854,0.057033546,0.47670054,0.26314268,-0.5568172
-0.57766205,0.7048322,-0.7665314,-0.7353027,-0.49228293,-0.5981687,0.7485861,0.7879017,0.13155144,0.74718195,-0.7111967,-0.05343424,1.1336819,0.61364627,0.18951823,0.5536812,-0.32865593,0.8874379,0.88805014,0.62904143,-0.5246396,-0.3496319,0.99004847,-0.37038034,0.98093516,-0.4404722,-0.6819346,-0.44862744,0.15283443,0.6389892,0.515365,0.28363883,-0.13863452,-0.5341165,-0.75194836,-0.65132654,0.8088893,0.37525028,-0.47649238,0.29026666,0.60813034,-0.13797304,-0.25110638,0.6265676,0.5151749,0.6227619,0.69633144,0.30938223,0.23777239,0.7421532,-0.5364368,0.13741824,0.6781866,0.6430221,-0.4032152,-0.94394344,0.8873529,-0.20485285,0.6306343,0.5854356,-0.59487945,-0.2751901,-0.24088524,-0.65719444,0.34912246,-0.051404648,-0.81524795,0.39413172,-0.430576,-0.36954448,-0.506345,-0.8224997,-0.22496045,0.5950032,0.3187827,0.24181244,-0.76970774,-0.1730678,0.37854448,-0.35523075,-0.12879944,0.8771078,0.09582265,0.86740845,0.68460274,-0.71257764,0.86868435,-0.38149294,-0.4670467,-0.7923909,0.52770257,0.88052726,0.33109382,-0.5790415,0.71156275,0.22711599,0.42071342,0.28895304,0.4337514,-0.6834991,-0.49454,-0.44870093,-0.11212654,0.34005663,-0.8049271
-0.060569085,0.18772125,0.07561199,-0.09325638,0.18027344,-0.4599675,0.25487635,-0.22445656,0.14831176,-0.02894612,0.3714536,-0.10764313,-0.14553717,0.20523532,-0.07453537,-0.020842094,0.25376636,-0.27472878,-0.24427031,0.011291944,0.30788594,-0.27312735,-0.032915093,-0.21597098,-0.32985634,-0.25778744,0.06980868,-0.14195427,0.22316119,-0.048424046,-0.05817805,0.25187352,0.46728882,-0.2495085,0.20067157,0.45664886,-0.1250771,0.21100196,-0.5013546,-0.12001819,0.062361147,0.011309879,-0.28766745,-0.3857871,0.025099244,-0.0992308,0.25166732,0.4610212,-0.20601588,-0.26818928,-0.06151344,0.19949111,-0.2869677,0.21176572,-0.044444494,0.23579443,-0.0101529965,0.03938874,-0.0044265403,-0.013114738,0.037377927,-0.19703563,-0.1927717,-0.2938217,0.09657272,-0.0696889,0.4861186,0.22392172,-0.17151941,0.031852715,0.14023486,0.54690367,-0.22070819,0.17865516,0.02972137,-0.0033243303,0.024676777,-0.14136554,-0.30321273,-0.20494875,-0.45674217,-0.2126026,-0.2947893,-0.3532377,0.48504823,0.2706462,-0.39341018,-0.17567831,-0.2813798,0.28549296,0.05160318,-0.1162092,-0.039967764,0.18033408,-0.069221996,-0.121719845,-0.23877212,-0.73340464,-0.15699284,0.24065198,-0.22436516,0.58880687,0.17582169,0.2134241,0.43025053
0.19913015,-0.39783612,0.035977464,0.31128225,0.4408538,-0.37922472,-0.27777508,-0.4849793,0.16826172,0.40957192,0.42224437,0.2265602,-0.4724316,-0.4642259,-0.33652896,-0.45745352,-0.2216849,-0.4074279,-0.32839552,-0.24149953,0.15374227,-0.25458,-0.41481388,0.27293628,-0.3528903,-0.26771256,0.42286965,0.55153584,-0.005875262,-0.4153205,-0.34071314,-0.32209396,-0.22965004,0.3183201,0.3281113,0.41933772,-0.43855163,-0.3782157,0.3651929,0.4833858,-0.41762933,-0.3889937,-0.4471163,-0.23260012,0.6821514,-0.5600761,-0.2797435,0.27511036,0.15876709,-0.38927013,0.58390796,0.09840635,-0.4318407,-0.4379499,0.020063153,0.20789066,-0.34546593,0.23407422,-0.30431032,-0.6369684,0.6648027,0.19819236,0.3923877,0.33376318,-0.22930606,-0.41269794,0.30278745,0.047977433,0.19335268,0.26192352,-0.50286955,0.3326285,0.36656463,0.2409155,-0.8332173,-0.09469742,0.21482536,-0.5056658,-0.5377625,-0.19518365,-0.32370812,0.14891742,0.19556634,-0.40085757,-0.3669985,0.18831894,-0.4019333,0.34767088,-0.39995667,0.2866047,-0.3542149,-0.41353685,-0.11279417,-0.25099698,-0.300761,-0.23263365,-0.45228297,-0.4498502,0.39017722,0.48057976,0.0008955802,-0.36659753,-0.29932293,-0.0110498825,0.6212187
-0.05123131,0.25830442,-0.2422212,-0.19951202,-0.12549496,-0.46392956,0.38768205,-0.60664403,-0.022848003,-0.13820241,-0.3814977,0.16103446,-0.05125235,0.47360274,-0.15166314,0.4947352,0.18097298,-0.13177784,-0.2641343,0.31282398,-0.1904082,-0.5352476,-0.08526222,-0.3590527,-0.050026976,-0.16401738,-0.38337922,-0.3510144,0.45841783,0.36298147,0.22961791,0.32814416,0.17545345,-0.39956895,-0.21310325,0.014582824,0.21594466,0.12788123,-0.28241104,0.088377334,-0.26293737,0.14068197,0.14170462,-0.057040494,0.14350475,0.3417363,0.56389797,0.27840704,-0.23763517,0.36854586,-0.3838455,0.35989562,-0.024557024,0.4900908,-0.3174632,-0.14876777,0.16778967,0.0805812,0.42736456,0.52342314,-0.54119265,-0.29314703,-0.26981783,-0.38475803,0.2915148,-0.08111097,-0.05569232,0.057543047,-0.07097187,-0.23527,-0.4385738,-0.3463633,-0.33050674,0.44255757,0.16068423,0.24781966,0.3357752,0.31467333,0.3491853,0.329852,-0.6479199,0.15172979,0.17132336,-0.014808269,0.2521709,-0.39978662,0.20919204,-0.30366337,-0.20471768,0.4545094,0.23992886,0.41771412,-0.13338843,0.45427588,0.284587,-0.32773516,-0.059369694,-0.34192148,-0.40931553,-0.6005607,-0.3871575,0.019866096,0.04351922,-0.06603649,0.22129929
1.2458992,1.8596209,-0.83633906,0.93213505,1.2255957,-1.5408305,-1.7179285,0.09765728,-1.1249158,1.1561899,0.8446943,2.37954,-0.58345217,-1.587354,-0.25825927,-5.880597,0.3742606,-1.2832953,-0.82037187,-0.5546833,1.4008611,0.394655,-1.1413459,1.4469132,-0.90439117,-0.94743276,1.02237,0.18903159,1.5584908,-0.7667357,-0.9706366,-1.2734436,1.516637,-0.43999022,1.0967934,-0.7874065,-0.8477235,-2.2956917,1.133249,0.99579227,-1.109368,-1.224508,-0.3087983,-0.83459723,-1.4153514,-0.63453686,0.7371887,1.2125884,1.0211803,-1.1860033,-1.2794707,-0.86422276,-0.097151056,0.22594461,-1.646728,1.3978362,-2.0382464,1.370305,-0.8936355,0.61632174,-0.6871705,1.5136795,1.117212,1.0321519,-1.5024443,1.65401,1.579828,0.48496947,1.0809914,1.3579421,-1.0123063,-1.3269879,1.0210462,1.280105,-1.626852,1.75861,1.2603164,1.5547754,1.602678,-1.4401168,-0.050736625,1.7585874,1.0257998,-1.2923598,-0.8846784,2.2580876,-0.25291833,1.411247,-1.3249295,1.0174172,0.4160681,1.929095,1.4977461,-1.3942919,-2.03712,-0.5817458,-0.24968043,0.7101951,-2.032777,1.0864526,-0.9610538,1.0121596,-1.2746171,2.6443567,-1.9226552
