-0.22657537,0.11289353,0.3514956,-0.60321176,-0.33493698,0.06641765,-0.16806965,-0.09355192,-0.22501688,-0.5903069,-0.39429983,-0.045984372,0.5070001,0.21474037,0.03796413,0.48642686,0.24566104,0.6110894,0.615057,0.12557936,0.3378005,0.02885373,0.90642077,-0.21463294,0.38530466,-0.48098156,-0.35057777,0.08409694,0.29074323,-0.23738965,0.18989128,0.29223838,0.32203332,-0.22663783,-0.33008134,0.53042156,0.6448035,0.1464205,-0.5631407,0.005339054,0.1924903,0.52588516,-0.2649232,0.23986283,0.17801118,0.32437077,-0.23828742,-0.67557484,0.11525313,0.07059399,0.12200182,-0.1556119,0.9006995,0.684171,-0.10363291,-0.17658223,-0.26211044,-0.6103135,0.40379864,0.018564276,0.019242534,-0.15383315,-0.26459613,0.099721536,0.08969411,-0.16020212,0.11784305,0.29561836,-0.42717603,-0.14803363,0.8666923,-0.08831588,-0.47568592,0.29309478,-0.06231072,0.036007628,-0.24581161,-0.32737958,-0.42645282,-0.15986845,-0.39782426,-0.1986811,-0.47544554,0.11308578,0.45244205,-0.09195032,0.22607811,-0.38560867,0.016990189,-0.56912374,0.47210655,-0.14130889,-0.10630848,0.47605222,0.6473926,0.6459184,-0.054075092,-0.046227794,-0.10761993,-0.6574988,0.14182235,-0.0765166,0.19755578,-0.33384255,0.28341365
-0.22426008,-0.010917307,0.33975303,-0.7708261,-0.061920933,-0.18617532,-0.75207406,0.35456508,0.36865205,-0.084105335,-0.12478353,-0.18724234,-0.1012867,0.15795027,-0.16101602,-0.3917026,0.44381738,0.5593736,-0.09636495,0.098074034,-0.295589,-0.22217026,-0.28747597,0.1549406,0.55694294,-0.1721885,-0.081433125,0.66196376,-0.6243781,-0.6432538,-0.03917933,-0.43724394,0.21179624,0.58480346,-0.23366448,0.32353243,-0.108706646,0.0018027333,-0.48531693,-0.5237145,-0.071718104,-0.39269835,-0.00867821,0.5903178,0.41270354,-0.806837,-0.19098271,-0.2024773,0.02112956,-0.6040348,0.69423604,-0.6360345,0.08009271,-0.30186084,0.08509538,-0.41099972,0.06688082,-0.37033528,0.07613582,-0.6430756,0.645263,-0.17897707,-0.04894935,0.72429997,-0.115668245,-0.2167334,0.609679,0.4043622,-0.5111509,-0.5119055,-0.065642215,0.91038114,0.08603173,0.061952557,0.034577213,0.04841796,-0.09804498,-0.5399656,-0.2874763,-0.3640365,-0.2011319,-0.34396362,-0.1521573,-0.6196912,0.35898954,0.05388012,-0.5743898,-0.10508686,-0.22513424,0.4208482,0.4031985,-0.18037961,-0.5109877,-0.2430923,0.09278937,0.3853397,-0.04737279,-0.3928791,0.208277,0.47314143,0.5286204,0.0071301344,0.38027084,-0.43163973,0.21125871
-0.45788553,0.6468495,-0.66921854,-0.070528544,-0.31704658,-0.44894063,-0.37262723,0.6408053,-0.49626774,-0.075956196,-0.47086966,0.3343623,0.06469771,0.24320935,-0.10775882,0.59017473,-0.4799039,0.6032619,0.025613895,-0.028224837,0.016648803,0.33018798,0.6843572,-0.24027933,-0.56374335,-0.081998914,-0.25890043,-0.21846357,0.46346572,0.14817175,-0.28292343,-0.37695912,-0.5344769,0.35824633,-0.06184289,-0.023700446,0.33683604,0.73221415,-0.4006483,0.1463283,-0.19125806,0.38720563,-0.53137827,0.1991267,0.26789227,0.37679613,-0.32084182,-0.15634447,-0.1915961,0.14066216,-0.26860368,0.19209072,0.77777654,0.05066563,0.05904994,0.9242018,-0.44597116,-0.53712016,0.15849337,-0.22003037,0.20157187,-0.23329976,-0.3168136,0.279842,0.37453958,-0.30577323,-0.5946305,0.41212094,-0.49881107,0.5664943,0.5658715,-0.45465246,-0.16046497,0.0025662587,0.4691543,0.35471946,-0.46417576,-0.12969717,-0.23730077,-0.3782431,-0.48320997,0.87428916,-0.24831396,-0.5782203,0.54362226,0.43579656,0.13973565,-0.51217014,-0.5783714,-0.030043438,0.24094665,-0.25521174,-0.008380651,0.077402316,-0.10197935,0.3864408,0.042508774,0.095068805,-0.27144817,0.48416802,-0.20357525,-0.3703866,0.36036482,0.63641727,-0.23724388
-0.5282932,-0.49802446,0.076686405,-0.38157043,0.38953876,-0.04550771,0.5709266,0.6175749,0.609183,-0.19314837,-0.7424048,0.11275745,-0.37207752,0.45356792,-0.25577822,-0.31494725,-0.44433257,0.60004175,0.5784014,0.5190918,0.48663595,0.48087275,0.3303161,-0.19773075,0.69582665,0.3591554,-0.42805663,-0.38679937,0.1515172,0.5772333,0.619426,0.21115062,-0.11893484,0.2805052,0.031513896,0.6786549,-0.4636469,-0.67054534,-0.33892748,0.6450087,-0.19300455,-0.5797252,-0.16373579,0.5894774,-0.13290608,-0.25193453,-0.35178676,-0.50862044,-0.3393885,0.6203691,-0.37099057,0.3541929,0.14039303,0.20775189,0.6162015,-0.9260976,-0.581295,-0.34404638,-0.38648167,0.29329047,-0.22288327,-0.26657802,-0.010723622,0.024192454,0.26793265,-0.28599328,-0.6448394,-0.2808292,0.01188267,0.8384325,-0.10537885,-0.7498139,-0.174985,-0.45097426,0.19875337,0.10797286,-0.35435978,-0.7182519,-0.22086659,-0.5106845,-0.13521235,-0.27485743,-0.13189001,0.14886965,0.62585884,-0.0028541714,-0.40402776,-0.5843672,-0.41192845,-1.2289785,0.004118972,0.7047313,-0.44978392,0.4410142,0.09257388,-0.6672109,0.46732098,0.6978477,0.04773592,0.60700405,0.47668406,0.43555242,0.021688111,-0.757314,0.57000804
0.38704866,-0.23410088,-0.19581117,0.2906107,0.0038356471,-0.40303254,-0.01116906,-0.27950066,-0.26164806,0.18277147,0.3213862,0.10184921,-0.37228104,-0.41057327,-0.037287842,-0.27619705,-0.012941991,-0.24100198,-0.19648753,-0.27833903,0.102064736,-0.61111426,-0.061625253,0.008344918,-0.15496057,-0.47297817,0.2822223,0.2452987,-0.23366468,-0.22048476,-0.15530412,-0.33826768,-0.49243975,0.19691055,0.14129677,0.24118385,-0.19186774,0.2763908,0.14522406,-0.4133519,-0.13057196,0.028323295,-0.026612092,-0.30266368,-0.08162025,-0.26128685,0.5198091,0.2880836,-0.23210493,-0.3617398,0.38988253,-0.23448262,-0.49990812,-0.21934476,0.12926875,0.05908207,-0.025605485,0.031374026,-0.19389367,-0.758318,0.7781884,0.04980224,0.051795814,0.078020416,-0.092035115,0.19395427,0.2370322,-0.22317082,0.23198575,-0.07420794,-0.025987199,0.38442737,0.37615076,0.21102403,-0.36514258,0.032059472,0.23383795,0.29985076,0.109902926,-0.29865095,-0.184802,0.107277475,0.29918292,-0.19986852,-0.2721647,-0.011545081,-0.3240634,0.30617726,-0.36413026,0.42719716,-0.18671526,-0.2003224,0.0010464797,-0.20898038,-0.23320091,-0.046765808,-0.36118498,-0.25550896,0.58838814,0.5091588,-0.20814909,0.16162919,-0.09496713,-0.21952115,0.2066496
-0.53713286,0.6260654,-0.23925164,0.33658013,-0.092474364,-0.55159974,0.6373881,-0.227384,3.8154973e-05,-0.05787539,-0.45764962,-0.012575442,0.35422114,0.44915217,-0.10828899,0.10938072,0.52607846,0.85107756,0.42250216,0.4041307,0.07776933,0.056441985,0.5787325,-0.16167694,0.13437614,-0.024403146,-0.3015625,0.61800516,-0.05174501,-0.5716423,-0.24307394,-0.034725256,-0.34341097,0.7083122,0.4121693,-0.03385473,0.52482337,0.29253924,-0.41203508,-0.9775969,0.19741985,0.19083184,-0.17028475,0.32106003,0.7718755,-0.23119026,0.195633,-0.55681574,0.55214214,-0.56313235,0.6642945,-0.43518892,0.16104428,-0.33322486,0.47188282,-0.30546293,0.05381877,0.08487471,0.11791975,-0.825844,0.7637458,-0.2333396,-0.13417828,-0.051154144,0.118607335,-0.031064298,-0.6077709,0.4163894,-0.56055766,-0.09900421,0.55055004,-0.23783638,-0.08158091,-0.9381461,0.35699257,-0.041919496,-0.5300162,-0.8385305,-0.37938774,-0.30409685,-0.46798572,0.48664466,-0.21057501,-0.17853028,0.607774,0.9788921,-0.17416878,-0.34879696,-0.47195977,0.46675822,-0.098700814,0.12287746,0.38538814,-0.4834594,-0.20200525,0.39352092,0.11255601,-0.5367907,0.5203848,0.13719937,-0.054285537,-0.37789744,0.5289259,0.9010327,0.11572277
-0.22872107,0.46677348,-0.6588944,-0.67879593,-0.23987581,0.33601913,0.41697717,0.5039531,0.4897876,-0.26453772,0.43960586,0.285762,-0.5018255,-0.035173498,-0.13679904,0.3913452,-0.21726878,0.17417438,-0.019260522,0.45034978,-0.23545285,0.2724843,0.06886332,-0.16403066,-0.039666202,0.24621382,-0.112064905,-0.36499253,0.23117767,0.41611132,-0.21586743,0.107610926,0.76267755,-0.3639951,-0.09235945,-0.18245715,-0.197051,-0.6624551,-0.37563613,0.44243976,-0.4379275,-0.59320843,1.0114975,0.7269044,0.44599807,0.35873708,-0.35572413,-0.44834417,-0.27385923,0.47578043,-0.40731388,0.25001997,0.45141676,0.5273612,-0.1840442,0.21882042,-0.18310903,-0.24045664,-0.21344751,0.59755796,-0.5926143,-0.141684,0.33191296,0.20776668,0.034493573,0.071623616,-0.3572745,-0.24805842,0.23731296,0.49063462,-0.46640262,-0.47503757,0.23613127,0.5027332,0.18276462,0.011188447,0.5190734,-0.4793585,0.5280624,-0.111307256,0.03849516,-0.19893673,0.11627005,0.005489017,-0.32710367,-0.3667857,-0.05054535,0.5719484,-0.1796736,-0.25614175,0.43381357,0.48773867,-0.10911292,-0.08525925,-0.4245374,0.028022986,0.26479876,-0.7043347,-0.14650492,0.18578397,0.0055876477,-0.19690855,-0.53156406,-0.57865185,-0.5395569
-0.46653715,0.6641049,-0.23500006,-0.22211239,-0.5042092,-0.739793,0.42588568,0.26332867,-0.47142372,0.48358575,-0.78479207,-0.4031048,0.2377934,0.39147884,-0.48597217,0.13481613,0.39220366,0.9583692,0.28631482,0.4772324,0.33424884,-0.3832928,0.7478581,-0.08414047,0.38805318,-0.0059063868,-0.55000186,-0.4771163,0.077925295,0.46367982,-0.042798355,0.46998385,0.3866219,-0.48765457,-0.6603635,-0.76972103,0.7714879,-0.26311883,-0.36065334,-0.13679014,0.85766274,-0.019143952,-0.35028124,-0.20365302,-0.21598327,-0.3917934,0.266977,0.81895065,-0.27580976,0.25600344,-0.451695,0.48027065,0.17381445,-0.13274692,1.1380376,-0.6509693,-0.7616264,0.43670118,-0.13212095,0.20999812,-0.18227287,-0.4049369,-0.5570162,-0.73757845,0.3933359,-0.5031406,-0.8546047,0.57178074,-0.66219175,-0.67856014,0.4644981,-0.55695665,-0.5594328,0.67656225,0.58706415,-0.075284414,0.1102734,0.97651875,0.09954114,-0.76778716,-0.287415,0.3672857,-0.67542803,0.25004065,0.635481,1.1196282,0.72251934,-0.62525004,-0.71548134,-0.9688672,0.21226382,0.5718818,0.13875338,-0.4784532,0.8542908,0.9375444,-1.045391,-0.123072445,0.7039563,0.8372534,-0.5962447,1.1666794,-0.89446896,0.8692211,-0.5733693
-0.8408316,0.9539682,-0.4041313,-1.3922669,0.29757348,0.23082292,0.6169456,0.05736097,-0.42371303,0.15194757,-0.44909567,0.9221024,-0.55584145,0.124068275,0.52661973,0.45945495,-0.46135455,-0.65306425,-0.15572287,0.10337633,0.27599192,0.41795158,-0.72934055,-0.3272929,-0.8123419,0.14000356,0.3407559,-0.55681306,0.5601953,0.5735319,-0.89221287,0.2895405,0.6603743,-0.8404973,-0.007508783,0.95429116,0.04147558,-0.5550195,-0.83909667,0.5217872,-0.92752415,-0.6216303,0.11499671,0.890891,0.21534987,0.6591446,0.18721667,0.74264735,-0.20170043,0.73625904,-0.62390727,0.2619831,1.0654733,0.9573171,-1.2267376,1.251953,-1.4655262,-0.8848962,0.0405172,1.0484023,-1.0816474,-0.117705025,-0.43739438,0.65899265,-0.3648219,0.47305506,-0.54425675,-0.07249175,0.16481629,0.98622924,-1.2292666,-0.7844684,0.5855134,0.9989505,0.07599833,0.6395731,0.74538857,0.9479769,1.3089991,-0.15312348,-0.25881732,1.5893933,-0.43715194,-0.76964265,-0.45019978,-0.18078433,0.49856192,-0.67990476,-0.7466494,1.1427257,0.6427424,0.6445404,-0.29496413,0.3737163,-1.2779319,-0.38385642,1.3577143,-0.54316014,-0.07887222,0.38989013,-0.16751133,0.24477857,-0.9150084,-1.5254683,-0.9904482
0.27892724,-0.31604505,-0.34648004,0.24754286,0.26095587,0.8004665,-0.008425003,0.14580764,0.06900812,0.389001,0.33868816,-0.710635,-0.39692047,-0.29481372,0.43088925,0.27677464,-0.30279034,-0.18834713,-0.32859078,-0.32010734,-0.13009018,-0.31736812,-0.23632523,0.09323765,-0.27999502,-0.22792976,0.34904966,0.44272843,0.20823738,-0.35955787,-0.032814078,-0.30170596,-0.5446443,-0.09939269,0.2807581,0.3042513,-0.31839576,0.49139735,0.29402745,0.2599445,-0.28522125,-0.22208858,-0.53511745,-0.37113807,0.005575912,-0.28926095,0.39662835,-0.16124322,-0.030919516,-0.26234144,0.4435356,-0.4576581,-0.45647502,-0.21606001,0.2826577,0.13211751,-0.15247388,-0.012345931,-0.23701544,-0.4030159,0.42313775,0.1906767,0.2642783,0.27272615,0.036500916,-0.017947134,0.16404666,-0.40046978,0.1863446,0.2836681,-0.32968882,0.13775744,0.26196954,-0.2171946,-0.3290057,-0.129838,-0.30406582,0.25956386,0.14142418,0.56199366,0.3718812,-0.13302766,-0.39892274,-0.05673179,-0.36727282,-0.32394457,0.5442117,0.2552799,-0.49741426,0.036434308,-0.35906526,-0.44703993,0.19035608,0.3133088,-0.14092036,-0.24354018,-0.5429238,0.13336888,0.20229411,0.29498634,-0.03557016,0.119690955,-0.15645191,-0.53397995,0.31468895
0.2983348,-0.31115043,-0.09444006,0.25065467,0.081919774,0.56982017,-0.276586,-0.085350886,0.11183654,0.02968067,0.18057097,-0.45296377,-0.079428375,0.25053525,-0.24566868,-0.2819344,0.25988024,-0.09085288,-0.2267244,0.28716096,0.24218448,0.14969176,-0.2260054,0.29985496,-0.19693938,-0.29124868,0.23532271,0.42232957,-0.2039046,-0.593026,-0.03926367,-0.21815068,-0.27139607,0.2565324,0.21408843,0.22454667,-0.2836227,-0.09451357,0.292931,0.21925578,0.11982966,-0.22876678,-0.046931904,-0.19701484,0.21365498,-0.21302873,-0.30585602,-0.5405881,0.28151938,-0.47375914,0.36780465,0.14429782,-0.35341594,-0.33899677,0.27161682,0.1690893,-0.28501016,0.18737386,-0.2381483,-0.57355887,0.57091045,-0.059934616,0.23469408,0.27439985,0.10340958,-0.19635384,0.2798098,0.24651715,0.20216934,0.057707466,0.31985423,0.34025982,-0.11906614,-0.6538185,0.13716209,-0.39017466,0.14114596,-0.22072457,-0.27181554,-0.17948797,-0.14825255,-0.4626285,-0.19974256,-0.10446915,-0.016792918,-0.016007477,-0.31599075,-0.18477222,-0.51290786,0.17766155,0.0537346,0.14331247,0.050571337,-0.26882267,0.04866652,0.38204646,-0.32252347,0.40027893,-0.28830108,0.18267925,0.50263435,0.22202136,0.55127627,0.20638007,0.13578632
0.4205565,0.2875427,-0.39626074,0.2566803,0.20095333,0.0653825,-0.31655762,-0.42910874,-0.21236861,0.21719056,-0.68035215,0.19702859,-0.32180312,0.49855718,-0.37884918,0.15525362,0.32251453,-0.51509255,-0.07800914,0.28066644,0.53485864,0.36616278,0.11319259,0.22308536,-0.36399314,-0.37513813,-0.008520705,-0.21802296,-0.21686791,0.24569967,1.0864943,0.69093263,-0.35356128,-0.06617256,-0.37481222,-0.5039154,0.1338198,0.60183424,-0.7097496,0.4987318,0.057676967,-0.13253076,0.11728213,-0.17030153,0.08151602,0.3291113,0.29172903,-0.5439257,0.34556267,-0.6108983,-0.19008401,0.33808196,-0.5511397,0.16496941,-0.5991747,0.29349652,0.6909157,0.17987639,0.59559995,0.23475195,-0.21727002,0.3515149,0.21610855,0.37061304,-0.39603668,0.4972953,-0.21833731,0.34273505,0.60091376,0.30673903,-0.123077795,-0.40023044,-0.6454678,0.088530555,0.23856334,-0.7158418,0.41708025,0.09820516,-0.76635754,-0.28774673,0.19049029,0.17289525,0.17118783,0.046191722,0.59208274,-0.5265912,-0.027470049,-0.6622238,0.14150135,0.6254993,-0.052112106,0.3119048,0.1269785,-0.1994886,0.43017864,0.6297113,-0.5527604,-0.6243065,0.1819254,-0.006813542,0.51992697,0.4805639,0.76418567,0.3353894,-0.37856412
-0.29130942,0.22144385,0.13071297,0.052331656,-0.0105172,-0.22639246,-0.3891523,0.11248414,-0.25455487,-0.0036385898,-0.112756446,0.27086166,0.09389618,-0.14844908,-0.029804682,-0.3312518,0.24317658,-0.042054106,-0.2758085,-0.072622314,-0.09967524,-0.5138196,-0.09886446,0.077321716,-0.16870423,0.02949515,0.118928395,0.36701807,-0.06771488,-0.38480866,-0.14394575,-0.60015774,-0.32983002,0.19217102,0.17452076,-0.11981366,-0.07432482,0.28765368,0.068641335,-0.23049414,-0.033886973,0.12459559,-0.19312389,0.1896024,0.13384178,-0.26871392,0.010590639,0.04226175,0.22663416,-0.3688086,0.36010665,-0.5693065,0.09921242,-0.2060099,0.05007041,0.21284066,-0.042293042,-0.44371495,-0.10343161,-0.42010733,0.39595127,-0.1195198,-0.24190915,0.20054208,-0.0032159304,0.0007735597,-0.17502299,0.32382324,-0.4132575,-0.21408525,0.037883233,0.27848637,0.38416755,-0.28707993,0.28911865,0.09962731,-0.3377229,0.0034477038,-0.14966297,-0.15190054,-0.016570924,0.26434413,-0.18714955,-0.19428752,0.2140961,0.07517894,-0.1304024,-0.074534915,-0.28594723,0.43786743,0.12832224,-0.22326852,0.121355236,-0.2569854,-0.38685757,0.55954605,0.14564691,-0.23206136,0.47743347,0.18564755,-0.16655955,-0.18548249,0.19363043,0.31089747,-0.0037131156
-0.45153257,0.68572557,-0.13463803,-0.020922743,0.2806142,-0.63627696,0.47621876,-0.31834695,0.1121284,0.036700126,-0.3936872,-0.010458847,0.5262587,0.4985498,-0.24441512,-0.34162396,0.44972456,0.19040747,-0.38165158,0.4607701,-0.23367724,-0.3163413,0.23344375,-0.21935534,0.51961714,0.4796198,-0.35858732,-0.17858683,0.21844204,-0.0059424206,0.26130563,0.36616647,-0.22897856,-0.23743162,0.5958395,0.21609403,-0.13992053,0.23056236,-0.24920277,-1.0744487,0.30875674,0.14964351,-0.005747825,0.14195436,-0.1797325,0.09815452,0.3553657,-0.02965641,-0.09725564,-0.18799849,-0.20088816,0.2507119,-0.7090341,0.13048853,0.7078379,-0.41609424,0.44165248,0.16738443,-0.16888309,0.50782996,-0.5355236,-0.24446966,-0.24837531,-0.421814,0.1664945,-0.00012425604,-0.59858626,0.08690291,-0.45610976,-0.18661334,0.4055464,-0.030728705,-0.0598925,-0.44390205,0.36931577,0.109918505,-0.4518921,-0.62354726,-0.14427392,-0.5542286,-0.3564364,0.5836946,-0.3028953,-0.10593523,0.52973646,0.9673061,-0.135975,-0.30420437,-0.6951528,0.6193322,-0.37414435,0.57756954,0.22632976,0.1459598,-0.12579337,-0.026095554,0.31763315,-0.39315304,0.022392804,-0.14557475,-0.4547855,0.4930741,0.31938645,0.7866209,0.25071377
0.6233982,-0.4278997,0.45814046,-0.64960265,-0.5313981,0.6838786,-0.78175527,-0.32866818,-0.20563787,0.02931454,0.34663948,-0.07703,0.46432823,-0.08116663,-0.30296072,0.22577514,0.0647141,0.29379943,-0.13388169,-0.396307,-0.35235947,0.035491835,0.42211467,0.057632666,-0.0049214447,-0.31631282,-0.15519316,0.791928,-0.010285813,-0.76231736,-0.24713546,-0.77366835,0.05360538,0.384615,-0.5042672,0.20162503,0.4675472,0.60843897,-0.4905304,-0.36223122,0.23687215,0.21279112,0.53742516,0.5887445,0.40284398,-0.2886047,-0.506774,0.0028942835,0.018991465,-0.70030075,0.9745196,-0.24718432,0.6568912,-0.45738068,-0.89802,0.4942193,-0.25047114,-0.4533266,0.55693674,-0.98474467,0.97394407,-0.21128647,-0.27411196,0.04615972,0.17296591,-0.23319212,0.54028267,0.623142,0.14063418,-0.4569408,0.3956052,0.64422655,-0.18621744,0.44677818,-0.21710007,0.2884809,0.5853307,0.40479586,-0.19921745,0.2295601,-0.29667476,-0.24161293,0.32372323,-0.72297627,-0.1854247,-0.18764736,-0.7049619,0.31612822,-0.30050054,0.273803,0.2662195,-0.72838956,-0.5776262,-0.40016356,0.5986351,0.5230461,-0.52728105,-0.11655885,-0.3936987,0.19175093,0.29885578,-0.08600586,-0.39394504,-0.4295506,-0.022981219
-0.46425885,0.3723586,-0.2678334,-0.5889158,0.37336043,-0.43686348,0.49432868,-0.2172372,0.13819462,-0.20683372,-0.9473502,0.4368095,-0.15826578,0.45848286,-0.15731397,0.3348969,0.21874283,0.29290137,-0.28180224,0.6296738,-0.11209058,-0.42132667,-0.64349246,-0.1827879,-0.48352206,0.58627063,-0.35830298,-0.4591557,0.4312149,0.47706357,0.34995162,0.47151956,0.38612714,-0.6705231,-0.027227081,0.63973606,-0.08942282,-0.80554324,-0.24669029,0.43883058,0.2004246,-0.43643036,0.8167549,0.2882925,-0.19108368,0.50366175,-0.0658274,0.26678258,-0.1783954,0.55191845,-0.5124556,0.38260722,0.22891285,0.5906919,0.37141946,0.16449596,-0.7718738,-0.23788413,-0.5632343,0.81990933,-0.84671164,-0.21173885,-0.29372156,-0.3036347,0.0949707,0.14194003,-0.4297282,-0.33171412,-0.3527744,0.81268024,-0.83842194,-0.7364156,-0.24568449,0.66345656,0.20009966,0.17730446,0.4370678,0.3080505,0.7266551,-0.14225368,-0.23699066,0.2744653,-0.4157745,0.17508012,-0.057110906,0.027160749,0.14364545,-0.41732705,-0.6320085,0.007886618,0.34444764,0.63654196,0.015179786,0.44998595,-0.0057385806,-0.40819496,0.8729954,-0.013896306,-0.0636209,-0.48587817,-0.3234468,0.46064153,-1.0046967,-0.28712237,0.12038194
-0.32010815,-0.22554278,0.42521647,-0.5258825,0.24014525,-0.08381788,-0.21716347,-0.029773194,0.29250413,-0.12513572,-0.008042428,0.12289579,-0.29142788,0.15414421,-0.012857399,-0.4009165,0.28489265,0.09767843,-0.21081294,0.24869688,0.20039473,-0.3808091,-0.29770204,0.36413214,-0.23419827,-0.38832396,0.40025604,0.66744006,-0.24428748,-0.5984345,-0.2092994,-0.15615653,-0.110532105,0.5500578,0.14766532,0.48467568,-0.27149534,-0.29348704,-0.34994414,0.29743925,-0.59166425,-0.41395724,-0.098272696,0.6025271,-0.13703787,-0.35786435,-0.26102963,-0.11279397,0.26534545,-0.5191116,0.66622955,-0.4956558,-0.06718147,-0.42747065,0.3349051,-0.23883468,-0.10717809,-0.567518,-0.25523743,-0.5785271,0.5857375,-0.105413854,0.090288766,0.5804512,-0.4733225,-0.013960789,0.370945,0.15590681,-0.36705536,0.2327358,-0.5818151,0.6429623,0.50919026,0.13704538,-0.433886,0.01876568,-0.2408662,-0.47180647,-0.3274639,-0.27135193,-0.24150026,-0.3296126,-0.016659157,-0.26583198,0.32181174,-0.22065894,-0.4262734,-0.208919,-0.42146948,0.20065102,0.20680703,0.04797431,-0.3915934,0.096861586,-0.21386708,0.31267092,0.030726738,-0.30291188,0.5577471,0.14883061,0.60344654,-0.62741214,0.08405315,-0.66624355,0.39537606
-0.31407613,0.8746634,-0.36425433,-0.52246654,-0.5449772,-0.37517786,0.649448,-0.06436593,0.5041172,0.529539,-0.15781869,-0.112704724,-0.3820871,-0.0072608446,-0.20337737,0.305971,0.4887735,0.7717831,0.43404523,0.30714175,-0.06818174,0.5794097,0.33207348,0.2695737,0.61772406,-0.14579637,-0.16930771,0.50380003,-0.7740763,-0.074283026,-0.67333454,-0.25278777,0.007548017,0.75428724,-0.3441332,-0.8047081,0.4999339,-0.5272737,-0.40720674,-0.54900455,0.7039383,-0.27624038,0.61347556,0.3633158,0.65474635,0.20539601,-0.32382837,0.20520547,-0.17022462,-0.4922799,0.19080923,-0.19800211,0.7300984,-0.5649688,0.75984365,-0.5067839,0.16611792,-0.35153243,0.06890294,-0.60052294,0.6408702,-0.22307487,-0.07446816,-0.2545559,0.021955678,-0.20769683,-0.6168919,0.47418067,-0.5692178,-0.44940615,0.10493844,-0.3587666,0.26680082,0.51765835,0.11866789,-0.2929722,0.40494132,-0.8333516,0.0007703253,-0.5325599,0.01190483,0.07755483,0.086119466,0.25986645,0.45973912,-0.036892757,-0.043772615,0.051458243,-0.45112696,-0.55531484,0.2393671,0.37690732,0.032026563,-0.9325428,0.3325217,0.4825019,-0.78956914,-0.6633836,0.8200011,0.51892734,0.44989014,0.13331316,0.21833332,0.78991926,-0.05942817
0.43505925,0.18291089,-0.41127756,-0.031884555,0.6022261,0.3234914,0.3471651,0.71441156,0.10675224,0.3804502,0.35923192,-0.7926569,-0.21018934,-0.40029866,0.48890385,0.15351182,0.13383709,-0.3505472,-0.1478966,-0.13015878,-0.36199594,-0.68057305,-0.36353388,-0.25179526,-0.23366669,0.11028138,0.3819088,-0.28252786,0.36997595,0.16951256,0.6641858,0.0034443378,0.7510828,-0.9283026,0.36069116,-0.25624108,-0.31848368,0.28089994,0.4233569,0.41763043,-0.48976648,-0.3042095,-0.5998942,-0.4316185,-0.028302103,-0.19095154,0.60279095,0.21068726,-0.29630604,0.16145913,-0.23538145,0.091858074,-0.0061020944,0.70691264,-0.1912274,0.3553951,-0.50389796,0.4016304,-0.31783375,0.23246334,-0.3160129,0.19335824,0.24611993,0.42073536,-0.08129481,0.5193163,0.37104055,-0.5034758,0.191925,0.56399477,-0.4497121,0.2854206,0.5334958,-0.6398312,-0.28181708,0.16918677,-1.1304576,0.7552773,0.48813218,0.5521159,0.8840472,-0.0924987,-0.7024273,-0.18111564,-0.39247873,-0.042941883,0.2009134,0.57498443,-1.215975,0.54871297,0.7625596,-0.123236224,0.6660139,0.43108088,-0.36319652,0.099136345,0.08408178,0.43156546,-0.513423,0.3508592,-0.35394713,0.39901584,0.46113598,-0.6613673,0.12391921
0.30102462,0.45900068,-0.10564989,-0.32579097,-0.46384665,-0.3060581,-0.0016586101,-0.3060339,0.00092638587,0.47224554,-0.41918793,0.003957757,0.3935326,0.4851345,-0.30163518,0.51447135,0.3336802,-0.14583886,-0.15116334,0.53037775,0.0768885,0.6631091,-0.32450438,0.33150992,-0.64728236,-0.3906197,-0.40504318,0.43677834,-0.32930845,-0.36363328,-0.31022856,0.3926536,-0.34778583,0.03420194,-0.4164408,-0.39064926,0.3773858,0.30458584,-0.36499134,-0.041180402,0.31905502,0.31390613,0.4962898,0.34013414,0.57020235,-0.04542748,-0.22570525,0.09433339,0.50921184,-0.33600685,-0.046394188,-0.30387977,-0.53953207,-0.47057146,-0.48234883,-0.20644398,0.25473642,0.46311873,0.42881265,0.6322715,-0.6010979,0.22814716,-0.00433362,-0.26007608,-0.0952403,0.304057,-0.3979732,0.45388773,0.27536544,-0.4052875,-0.26649106,-0.4562487,0.028746758,0.5119891,-0.5080932,-0.264193,0.42756262,-0.1619743,-0.31138894,0.38115206,-0.124788396,-0.022553707,0.33961284,0.29735366,0.51296103,-0.43164366,0.5027496,-0.38220608,-0.34311762,-0.13870984,-0.60118866,0.36990583,0.19665791,-0.43837547,0.7614136,0.22580184,-0.6274174,-0.05909133,-0.062309656,-0.66270846,0.23539254,-0.4696727,0.12598266,0.41743898,-0.15158188
-0.33671328,0.36160284,-0.47816935,-0.059171803,-0.31866628,-0.52774554,0.5820137,-0.26493374,0.20085716,-0.09714142,-0.60410494,0.04171708,-0.07809094,0.3520921,-0.11925924,0.19652882,-0.07112649,0.6094782,0.3810812,0.2497432,0.49862784,0.02959921,0.616018,-0.29359087,0.5038025,0.3486424,-0.35681224,-0.3503006,0.30224213,0.3897015,0.28822112,0.32991034,-0.012153018,-0.27587283,-0.23502943,-0.37451485,0.6250612,0.056446534,-0.3449914,0.18172412,0.3932824,-0.15821812,0.112302154,0.1690098,0.04286242,0.0011901989,0.15483117,0.04338215,-0.31575027,0.31743902,-0.31877562,0.33301395,0.3131926,0.3801286,0.32708552,-0.22871397,-0.89896643,-0.29519418,0.3184923,0.27508402,-0.27001974,-0.23334369,-0.18283203,-0.28808537,0.15715536,-0.09580584,-0.44301838,0.20972036,-0.24913235,0.60869724,-0.06592241,-0.43578258,-0.43363973,0.06582227,0.25829047,-0.08138544,0.015012207,-0.5043514,0.37368864,-0.26807237,-0.29176345,0.12571868,0.06447756,0.3095581,0.5698925,0.15351096,0.19237013,-0.44724187,-0.2198428,-0.62536514,0.016877439,0.24547917,-0.02925512,0.23854397,0.46075016,-0.23498729,-0.14452434,0.06914366,-0.04972144,0.044421382,-0.20683576,0.515176,0.18435909,0.562138,0.14359345
-0.3433073,-0.11672998,-0.29924387,-0.3055581,0.27170885,-0.22443211,0.65009147,0.9875119,0.41436425,-0.30681324,0.034713097,0.051558636,-0.41618347,0.16223432,-0.13197237,-0.47098112,0.7074649,0.1999126,-0.08198339,0.3686014,0.5895909,-0.07147564,-0.30008417,-0.22203302,-0.39791328,-0.13134024,-0.10550906,-0.20345156,0.2754604,0.1177731,-0.27435538,0.29266408,0.34303522,-0.05102425,0.312208,0.4329778,-0.17516448,-0.5108565,-0.58007115,0.2694281,-0.5097994,-0.3546569,0.10890251,0.37670144,0.031058932,-0.13101979,-0.2522277,-0.0024107546,-0.2739019,0.016575325,-0.17060198,0.19905154,-0.14301297,0.52630734,0.22975501,-0.08912239,-0.6476313,-0.23790662,-0.2848991,0.0156642,0.018763332,-0.20009033,-0.11386339,0.1072852,0.046791453,0.0034065766,0.27834463,0.33877555,-0.35365477,0.3983511,-0.11148814,-0.040888656,-0.11749555,-0.28323403,-0.053141467,-0.1473114,-0.2755776,-0.46768457,-0.20310433,-0.25219452,-0.29585946,-0.4436485,-0.21484871,-0.28286573,0.7940692,0.1497696,-0.39269575,-0.18793112,-0.34401545,0.44556153,0.30437294,0.39245328,-0.087449625,0.22552706,-0.38050175,0.19290188,0.16528492,-0.5656844,-0.22078983,0.0012002807,0.090612166,0.20567812,0.34300342,-0.25983563,0.40435654
0.5531136,0.75927454,-0.53399014,0.5635951,0.25998017,-0.7909252,-0.4989218,-0.6488608,-0.23649016,0.5256183,0.43246245,0.7912518,-0.43057454,-0.48027977,-0.679434,-0.45362398,0.07882788,-0.551285,-0.45147592,-0.49387026,0.32863805,0.6453271,-0.37451136,0.5487848,-0.5143729,-0.6442178,0.44465676,0.51721567,-0.4801193,-0.5755415,-0.70404583,-0.54599786,-0.118720606,0.67500055,0.49097255,0.6096056,-0.36559668,-0.6596289,0.4693397,0.35928366,-0.38000065,-0.34264642,0.19229741,-0.58439827,-0.021256505,-0.18140115,0.35273314,0.6074746,0.50852984,-0.59135395,0.6569535,-0.19104242,-0.4957653,-0.6373337,-0.5677951,0.6031928,-0.38394487,0.6301583,-0.6049956,0.25219378,-0.25446317,0.5121263,0.5462231,0.5219179,-0.6776589,0.80720013,0.65832746,-0.4831855,0.62885064,0.41630852,-0.34358943,-0.77648044,0.5519977,0.62790495,-0.69019,0.7613657,0.5743152,0.4749062,-0.55542237,-0.7844637,-0.8533478,0.6076229,0.5926437,-0.5697736,-0.35987929,-0.262367,0.46223632,0.4413536,-0.3619667,0.37693658,-0.6763331,0.56256723,0.637345,-0.5782278,-0.6520109,-0.78234,-0.6077959,-0.44713148,0.7709431,0.45913616,0.18302123,0.49158764,-0.7473486,0.6620181,-0.30247366
0.74079305,0.73777837,-0.42855132,-0.96211445,0.6399024,-0.40711167,0.5480322,-0.46484157,-0.44850975,-0.16884986,-1.286122,0.19697219,0.23202364,0.5740743,-0.064561464,0.6355336,1.1766732,-0.70606726,-0.18262593,0.33246553,1.3262056,-0.85062,-0.3856656,-0.42718914,-0.14145194,-0.57888776,-0.5895704,-0.5702008,0.5595093,0.53551114,1.3085139,0.86886626,0.8362613,-0.7875724,-0.90461236,-0.88409364,0.66585255,0.8174055,-0.8623089,0.82955444,-0.5876468,0.3512319,1.2497656,-0.33045822,-0.23478833,0.8596751,0.9199,0.16489592,0.083661616,0.5392538,-0.6065889,0.43177378,0.30418232,0.9168932,-1.1065241,-0.333885,0.68858796,-0.039165378,0.9798022,0.907618,-0.9133197,-0.11550814,-0.5489147,-0.5984862,0.056318242,0.67017144,0.28338626,0.7733901,1.077548,0.1273284,-0.92425936,-0.5787738,-0.7068346,0.7437406,0.08084268,0.18733847,0.8915179,1.0797297,0.8495251,0.5102121,0.4594774,0.9429154,-0.5602454,0.61982864,0.131925,-0.7195242,-0.06376635,-0.59875685,0.17245485,1.1843704,0.78906924,0.82287854,0.21847813,0.6411061,1.0138197,0.31341043,0.24439776,-0.5539644,-0.8831491,-1.2372653,-0.7353921,0.78909725,0.95480585,-0.008632773,-0.6333148
1.0733303,1.3330572,-0.92929435,0.9099186,1.0585637,-1.6331962,-1.1981753,0.8983791,-0.8079966,0.97676265,0.7833076,2.3225946,-0.6253607,-1.0277901,0.18335436,-4.125696,0.4137018,-1.0889401,-0.79656,-0.85117805,0.7947846,0.4372455,-0.95649457,1.1593001,-0.8706355,-0.9703709,0.8820543,0.46571586,1.3343613,-0.89517295,-0.9869572,-1.1432128,0.9112311,0.6792303,0.99098784,-0.7018243,-0.7711816,-2.1097355,1.0368536,0.8709898,-1.0195053,-0.98370594,0.23609781,-0.9133696,-1.412465,-0.49092162,0.8880907,1.1046388,0.924274,-1.0991434,-1.0728581,-0.7410807,-0.32538885,0.12671787,-1.3481846,1.2569202,-1.6151271,1.2833885,-1.0863323,0.7577456,-0.80756634,1.2126029,1.007874,1.0143459,-1.3476591,1.4781873,1.4074299,-0.69551295,1.0626181,1.1617821,-0.90455276,-0.80593055,1.0577055,1.0198753,-1.3123772,1.6467538,1.00723,1.2613119,1.4736243,-1.5538315,-0.45865357,1.4039991,1.4716761,-1.3557535,-0.8222978,0.06186488,0.7001145,1.0999898,-0.93053347,1.2579798,1.1961992,1.5961864,1.2791437,-1.1526551,-1.501278,-0.43444112,-0.79766726,1.168462,-0.8307651,1.0035796,-1.3149456,1.2401692,-0.9458272,1.8212562,-1.3528068
