-0.11437639,0.0828002,0.017633291,-0.10163926,-0.03677145,-0.22276747,0.39414048,-0.084321514,0.15041578,0.031712025,-0.2261724,-0.010496048,0.09117376,0.33143723,-0.050280128,-0.027357422,0.21821046,-0.10428938,-0.08648442,0.13453831,-0.2586162,-0.13569683,-0.089557745,-0.2143326,-0.18534268,-0.21158819,-0.17439628,0.025922103,0.06407516,-0.09323642,-0.17637752,0.027703851,0.053980988,-0.24978308,-0.026373077,0.1235641,0.16602953,0.17843123,-0.103275366,-0.43600705,-0.00794471,0.17484848,-0.020555727,0.07814793,0.26344368,-0.3247113,0.0738938,0.19399184,-0.02446179,-0.113261856,0.010899777,0.003044382,-0.31726325,0.08650066,-0.19790624,-0.0135916965,0.18034615,0.07026079,0.09696382,0.122753896,-0.13268359,-0.17308316,-0.15373766,-0.121893466,-0.100885,0.09919484,0.0024178282,0.054952256,-0.25739333,-0.12833698,-0.04279166,-0.055749316,-0.0738253,0.017617729,-0.011321679,0.11879179,-0.15677634,-0.16050719,-0.24423552,-0.0056694834,-0.31967807,-0.013594338,0.07869675,-0.09237481,0.31355533,-0.2519871,0.020553974,-0.2436288,-0.061312336,0.39369914,0.27848667,0.046160907,0.1362564,0.04968148,-0.13715091,0.15182328,-0.38833842,-0.26978457,0.011601342,-0.023591777,-0.20332389,-0.15582418,0.053383198,-0.012492642,0.28308013
-0.27400613,0.25934625,-0.2749124,0.3155416,-0.18696167,-0.40196943,0.47885814,0.07496256,0.073031306,0.1920836,-0.15745728,0.09595041,-0.46177784,0.19361465,-0.081318595,-0.0876042,0.2888142,-0.093667895,-0.0030708893,0.17002131,-0.39828587,0.015107487,-0.02099288,-0.10825565,-0.15237173,0.034259986,-0.070509225,0.25368306,-0.10851482,-0.21910916,-0.21823731,-0.46520117,0.019476173,-0.0282992,0.22561736,-0.11863252,-0.026302677,0.029604033,-0.050519384,-0.4542422,0.015359875,-0.2646659,0.041897792,0.12955874,0.5792399,-0.30940425,0.07560377,0.13277842,-0.023263747,-0.22496444,0.1303662,-0.16635127,0.16677265,-0.119810335,-0.052429393,0.15461625,-0.10835307,0.17181069,-0.12254207,-0.36864993,0.34909907,-0.25499672,-0.090368256,0.26142326,-0.3849934,0.1563039,-0.22755305,0.32558358,-0.26143995,-0.1983902,-0.012838893,-0.022256404,0.1877007,-0.14709045,0.18975064,0.029939694,-0.22525568,-0.24025482,-0.07708616,-0.20786248,-0.4172845,0.17608482,0.023923693,-0.0866031,0.46349666,-0.1829905,-0.027396236,-0.057648387,-0.050307255,0.2636865,0.18078694,-0.021780035,0.31960404,-0.45760152,-0.48442876,0.11142707,-0.28409934,-0.14968613,0.3508781,0.41223794,-0.0092410175,-0.27634397,-0.010523683,0.20401786,-0.025859885
-0.23081413,0.12986413,-0.409622,0.37003258,-0.35178256,-0.25211594,0.49129608,-0.04602685,0.12937078,0.034720123,0.15713301,0.19036229,-0.2804487,0.2778148,-0.18083383,0.07980662,-0.14365138,-0.3636287,-0.14484215,0.23964967,-0.3009996,-0.116271734,0.09773236,-0.22934787,-0.29511485,0.08793085,-0.1847445,-0.17346571,0.21497591,0.14990458,-0.36586154,-0.08074119,0.029960215,-0.2909232,0.16279708,0.16259201,-0.16905068,-0.11828616,-0.019665632,0.0023620625,-0.11269335,-0.17320105,-0.19202822,-0.047922146,0.29362088,-0.37196139,-0.06846857,0.58990234,-0.21293576,0.058210872,-0.17043349,0.18642434,0.16992638,0.12796433,0.19045301,0.29875416,-0.2863177,-0.021881945,-0.24482799,-0.025379192,0.03817197,-0.22538626,-0.20484883,-0.1187981,0.15637474,-0.033516984,-0.09031785,-0.039870817,-0.06631999,-0.011099317,0.15437841,-0.17104581,-0.026362184,-0.09578888,0.14607228,0.2533921,-0.055623733,-0.19271381,-0.036947966,-0.20731412,-0.3761458,0.0034706418,0.12265732,-0.2297609,0.22474717,-0.12903883,-0.20531224,-0.21775675,-0.24440359,0.3853132,-0.010689245,0.020073796,-0.056124285,0.10469645,-0.46445364,0.026910407,-0.23947133,-0.134667,-0.080631904,0.5713946,-0.18778993,0.047440045,-0.15391022,0.20464645,0.25368458
-0.22197464,0.017985485,-0.45283896,0.25578904,-0.1396432,-0.043152645,0.4299591,0.010836187,0.059621956,0.00033637477,0.22929935,0.16120172,-0.2558292,0.22480972,-0.1732523,0.14824204,-0.18905427,-0.36252144,-0.12765513,0.29212904,-0.13988164,-0.14186509,0.09261344,-0.24021472,-0.13507877,0.061938673,-0.16410251,-0.22084677,0.23255141,0.24414584,-0.26873827,0.030948393,-0.07708752,-0.3613764,0.068400204,0.27191186,-0.19611491,-0.39783496,0.100196995,0.17711662,-0.14691333,-0.1574136,-0.047253437,-0.07647733,0.18891126,-0.34558168,-0.07268926,0.4775823,-0.21264331,0.19370957,-0.23396301,0.22108817,0.15801695,0.22635986,0.42039207,0.061665844,-0.34872508,-0.055985477,-0.23230046,0.1777024,-0.18060254,-0.19903152,-0.15258163,-0.1476446,0.23678999,-0.1342991,-0.2368142,-0.031412836,-0.041432455,0.2908451,0.021871708,-0.3919819,-0.02246031,0.07941264,0.08681512,0.2062051,0.009913715,0.12385595,0.20028691,-0.14849947,-0.30205622,-0.11276747,0.15447706,-0.13502368,-0.04858693,-0.20179959,-0.047180314,-0.2554528,-0.24090394,0.17294073,0.052361812,0.26647463,-0.041755497,0.21066366,-0.38986903,0.00932999,-0.09216649,0.10302663,-0.13443506,0.3282218,-0.19892858,-0.01859621,-0.3713027,-0.053573765,0.37635055
0.03896664,-0.117687576,0.22528033,-2.919517e-06,-0.029068654,0.039368015,0.053308114,0.21234651,0.084074475,0.108740225,0.26823068,0.29390085,-0.31802663,-0.4529463,-0.14242233,-0.31564468,0.21226491,-0.3428134,-0.20074998,0.21032217,-0.19176845,-0.0778575,-0.3045723,0.004685435,-0.27117768,-0.0935349,0.3393339,-0.009325308,0.09118791,-0.26041517,-0.3583952,-0.2858115,-0.005260706,-0.0057374407,0.07407347,0.235148,-0.25987554,-0.20802543,0.26286173,0.0053091175,-0.23271087,-0.15414353,0.107502535,-0.18997149,0.037049573,-0.08903222,-0.11872519,0.4242134,-0.05795141,-0.3501815,0.0034350462,0.06589815,-0.26961264,-0.21066599,0.25757515,0.11184722,-0.10872506,0.03431242,-0.15387282,-0.33504608,0.30650827,-0.13715263,-0.11143813,0.11928386,-0.16807853,0.18284968,0.14094554,0.016414098,0.009626462,-0.08433083,-0.19220407,0.077658854,0.2587007,0.16737576,-0.14624265,0.17274785,0.1362115,0.19480099,-0.029220534,-0.0062273955,-0.056365836,-0.1133969,0.026086165,-0.2485133,-0.30111212,-0.08208243,-0.25722736,0.25948074,-0.42214072,0.30840483,0.25143394,0.1382279,-0.029886017,0.08504714,-0.42212084,0.024876034,-0.035090566,0.1262674,-0.0028426421,0.38012174,-0.016869128,0.080803506,-0.0216644,0.008785394,0.34541786
-0.2640451,0.25428998,-0.11530779,-0.3888687,-0.10050583,-0.29288843,0.4947746,-0.010815782,0.24660365,0.14028502,-0.15476504,0.14075762,-0.48681086,0.3111776,-0.07554472,-0.059586927,-0.044192664,-0.3129297,0.028507045,0.18547685,-0.35812443,-0.16859594,0.13640152,-0.22024293,-0.121992506,-0.0668217,-0.19318572,0.01808485,0.081917696,-0.09824348,-0.22654341,-0.07737648,0.16547255,-0.029192984,0.01658938,0.30456036,0.13291377,0.12425582,-0.16803817,-0.52793175,-0.21807432,-0.0372243,-0.19666198,0.17731607,0.43193808,-0.36042783,0.10733087,0.5511374,-0.12030898,-0.11711642,0.009150533,0.018978138,0.27970695,-0.012785259,0.105619386,-0.02078018,0.22244476,-0.21448143,-0.23939835,-0.05346431,0.0816471,-0.21070522,-0.17029124,-0.12792653,-0.03597611,0.021867203,-0.06612225,0.06577519,-0.17989244,-0.2084801,-0.09990864,-0.018706787,0.054106753,0.23084983,-0.012501065,0.2358749,-0.26460522,-0.38469785,-0.22158661,-0.23113503,-0.37734884,0.05811933,0.11972865,-0.16994119,0.36173052,-0.42629087,-0.17245671,-0.1736067,-0.19787593,0.35898414,-0.08811249,-0.1364366,0.05563879,0.031292748,-0.3790746,0.05820128,-0.15745576,-0.41435993,0.123177536,0.01795704,-0.14090924,-0.19778407,-0.098595954,-0.10309832,0.35647792
-0.115925975,0.17068197,-0.2383723,0.12057277,-0.31945774,-0.04293566,0.36945584,-0.17841381,0.1950458,0.105342075,0.18822421,0.1332008,-0.26359367,0.31438214,-0.15935786,0.18492728,0.009516222,-0.44637948,-0.19192322,0.22013833,-0.39563203,0.021472901,-0.15777309,-0.20453483,-0.24702585,-0.16899689,-0.13571577,-0.1523645,0.1832369,0.12925538,-0.33103558,-0.156879,0.05138003,-0.2583467,-0.058906212,-0.018015942,-0.20417883,0.060885474,-0.16724744,0.05199065,-0.1666335,-0.25896394,0.04679288,0.0993852,0.3605013,-0.12565093,-0.07919556,0.34315413,-0.17809741,0.10157607,-0.16256979,0.14122027,0.28178707,0.15118784,-0.24416265,0.23911919,-0.12054731,-0.06274338,-0.19673622,0.07158897,-0.0666537,-0.23182757,-0.20323509,-0.0051913424,0.11545888,0.029582936,-0.04761462,0.1472276,-0.072336,-0.12955762,-0.011900683,-0.102585495,0.03193106,0.2613211,0.17247833,0.2985467,0.13417195,-0.06278548,-0.016647665,-0.23686478,-0.31003806,-0.0028423045,0.07370612,-0.21383874,0.1371238,-0.35431373,-0.30312768,-0.23099618,-0.28753275,0.56663567,0.15738042,0.1672123,-0.101368,-0.057449404,-0.64200985,-0.077871725,-0.5884985,-0.15643333,-0.097294345,0.5642018,-0.14184791,-0.033253234,-0.1382083,-0.0072933706,0.18477598
-0.26469466,0.2034029,-0.2325429,-0.014739432,-0.23587719,-0.23033749,0.38534796,-0.17161235,0.23396981,0.15466087,0.007071278,0.025483835,-0.1762724,0.3519856,-0.14433092,0.027272295,0.13359086,-0.33061084,-0.15828648,0.16603012,-0.46180734,-0.22641,0.0016275606,-0.19732393,-0.21728852,-0.104445115,-0.22252765,-0.15159018,0.15109189,0.10223948,-0.16451363,0.07955646,0.27585796,-0.27358198,0.21207401,-0.24016477,-0.043829508,0.06051174,-0.15767537,-0.095136724,0.2787023,-0.22836637,-0.09080684,-0.13565448,0.17923956,-0.24689549,0.07860964,0.40221846,-0.16776334,0.034880586,-0.1370228,0.14779958,0.10036688,0.17310467,-0.03246983,0.15103032,-0.021096893,-0.01423326,-0.12492921,0.13018996,-0.125448,-0.23537897,-0.25037393,-0.20426217,0.06865884,0.019469023,-0.069328226,0.12043928,-0.23465705,-0.36986482,-0.117154256,-0.1533295,-0.110319406,0.5684954,0.16536197,0.30266884,0.09033457,-0.04132362,-0.042377114,-0.44313565,-0.3199847,0.058339514,-0.17698312,-0.1485216,0.26013443,-0.05441131,-0.23565786,-0.27034622,-0.38196707,0.23703218,0.05328682,0.1835916,-0.039704848,0.041123033,-0.38349253,-0.25169936,-0.6475827,-0.23256448,0.042448487,0.7265749,-0.1959411,0.35633197,-0.13659757,0.06325891,0.27005512
-0.23742037,0.19473727,-0.3640953,0.03757747,-0.31534696,-0.14604647,0.43439642,-0.14267936,0.21233459,0.09662913,0.25008577,0.42708784,-0.35959092,0.19913456,-0.1881118,0.09452366,0.008985339,-0.51714855,-0.27657533,0.2876805,-0.10950431,0.102035195,-0.43937498,-0.23900633,-0.4746796,0.093888976,0.19368918,-0.2615122,0.30990252,0.23003823,-0.4513196,0.17315304,-0.06667889,-0.31157133,0.26242813,0.090269305,-0.3073758,-0.13553576,0.1923916,0.21798015,-0.2814853,-0.32777786,-0.009073774,-0.20348063,0.25256732,-0.35894358,-0.15622555,0.5936068,-0.22006503,0.10882484,-0.2709953,0.2686061,0.24236496,0.24680567,-0.4005009,0.56788856,-0.33724213,-0.07479814,-0.3112194,0.28258702,-0.2843689,-0.23063652,-0.22247173,0.0051301704,0.08543213,0.10265626,-0.014785823,0.11594137,0.12871192,0.2600851,-0.23189573,-0.3799046,0.009663436,0.49207783,0.15573041,0.29883724,0.37101334,0.16636291,0.26965174,-0.23588677,-0.37064883,0.12884372,0.015042019,-0.4087207,-0.14549915,-0.0073857866,-0.36220104,-0.28021142,-0.41945732,0.6136971,0.008232334,0.2947544,-0.14639312,0.16234303,-0.65926224,-0.18376122,-0.44942287,-0.25526762,-0.16005568,0.23818398,-0.27729565,0.22229972,-0.3413187,0.45321974,0.240618
0.14953381,-0.23151204,0.25403056,0.058161892,-0.008479997,0.2945346,-0.08912556,0.063665524,0.13192323,0.28279716,0.2238536,0.08191436,-0.32225004,-0.18510413,0.08839998,-0.2418402,-0.08200115,-0.14729938,-0.14395571,-0.10693921,-0.22690885,-0.22940955,-0.2670905,0.19668962,-0.21881795,0.053445205,0.24317656,0.26515442,0.11973391,-0.24432525,-0.23203883,-0.24687192,-0.108885065,0.05709231,0.08397129,0.16231082,-0.21509548,0.0014052751,0.26565856,-0.23598783,-0.19221267,-0.14762416,-0.3508331,-0.14785329,-0.005917127,-0.109520406,-0.23154828,0.34301102,0.27156907,-0.23318468,0.23503591,-0.34641713,-0.2998427,-0.17136875,0.011308697,0.14253607,-0.1964568,0.036168415,-0.15140647,-0.20911667,0.18988384,0.104444794,0.16146259,0.15562591,-0.06476205,0.090940215,0.15632541,-0.15794927,-0.05399469,-0.29797012,-0.28684387,0.15204723,0.22267194,0.21418242,-0.32019457,0.08601532,-0.107049316,0.00084910565,0.051987145,0.4115579,-0.11277696,-0.19606273,0.063355625,-0.18324612,-0.21194692,-0.06455921,-0.10613647,0.21087973,-0.2674145,0.24814753,-0.15654115,-0.13367401,-0.07448996,-0.1821439,-0.21482646,0.077967934,-0.4089837,0.08629536,-0.1269015,-0.20911434,0.02674593,-0.2988754,-0.07631563,0.06731974,0.14624989
0.055121254,-0.14110592,0.161608,0.02260425,-0.1341763,0.10558605,-0.0049193753,0.026355926,0.18787093,0.033707354,0.30144867,0.2132018,-0.2735501,-0.10538223,-0.1258652,-0.24712412,0.1878971,-0.25829196,-0.17215516,0.17733562,-0.25022942,0.06336278,-0.25656796,0.1979034,-0.20186372,-0.23938711,0.28433457,0.037767854,0.08705958,-0.24321164,-0.29719266,-0.21922715,-0.032376967,0.18790506,-0.1270445,0.20839542,-0.23231836,-0.2587452,0.28332305,0.0321899,-0.19876459,-0.16206281,0.15649107,-0.13985297,-0.07855494,-0.08389915,-0.16575709,0.41250736,-0.0708067,-0.2658066,0.0012985764,0.085713774,-0.19208339,-0.24666935,0.40243,0.12749428,-0.14640328,0.076046914,-0.22315198,-0.23029718,0.22593863,-0.11696198,-0.028020078,0.12508957,-0.031111088,0.00845099,0.10328965,0.041952655,-0.095431186,-0.17493613,-0.14197616,0.03883085,0.16973282,0.37960204,-0.32678676,0.114312634,0.044034,-0.051065415,-0.058236647,-0.094376706,-0.110381976,-0.19175363,0.09951344,-0.19050567,-0.30637008,-0.023539208,-0.05994294,0.3927232,-0.31938937,0.20093748,0.14862527,0.32727176,-0.023896547,0.013137734,-0.29861844,0.029114041,-0.14168225,0.07651765,-0.038385734,0.1984212,0.07540236,-0.20910792,-0.13854787,0.27350172,0.29715428
0.06364221,-0.003065964,0.13679516,-0.2537573,-0.15557194,-0.074623875,0.16431504,-0.0827523,0.12177537,0.047031697,-0.26618588,0.036508635,-0.21234322,0.3201592,-0.12854588,0.09470334,0.31617063,-0.28359634,-0.23463465,0.0664789,-0.26010805,-0.05799187,-0.24661122,-0.16977036,-0.41479686,-0.2975475,-0.097691104,-0.08456985,0.16360916,0.011570505,-0.24878035,0.00018652726,0.3008037,-0.18954833,-0.12476494,0.209792,-0.07674468,0.3924742,-0.17750618,-0.111933865,-0.35009977,0.07470051,0.0696827,-0.14408636,0.2685179,-0.11926361,-0.02410144,0.17071447,-0.10691718,-0.048337873,-0.07668068,0.09231838,0.10948324,0.2515071,-0.39862344,0.28827456,0.16414426,-0.10365353,0.27076006,0.12126499,-0.12829596,-0.20062514,-0.21574649,-0.04503338,0.0056901667,0.16251034,0.19947729,0.050470497,-0.031288926,-0.19977997,-0.062476903,0.34400144,-0.065368965,0.18416475,0.17025486,0.23519588,0.120470576,0.05142257,-0.30695644,0.04310725,-0.26715696,-0.046337582,0.084412545,-0.28670347,0.21021567,-0.4129805,-0.3549648,-0.33070225,-0.38008586,0.5229527,0.212833,0.045077443,-0.073735386,0.06646479,-0.46662572,-0.022594925,-0.5107677,-0.3166115,-0.1224761,0.062201876,-0.07907187,0.18178296,0.037919305,-0.1126204,0.20390664
-0.29904613,-0.1663657,0.3167312,0.057307176,0.34354421,-0.31943804,0.40766123,-0.01851451,0.004342697,-0.039396092,0.15700257,0.30519867,-0.25273618,0.02204602,-0.13380685,-0.25121847,0.33663672,-0.38138747,-0.12538582,0.1259872,-0.26654637,0.002884368,-0.17872871,0.090219,-0.26702887,-0.31315842,0.21780626,0.35135627,-0.2569955,-0.2746024,-0.14649053,-0.37791196,-0.29815617,0.13066918,0.18969427,0.25680375,-0.24993722,-0.1846774,0.25513592,-0.26871064,-0.34646216,0.004778476,0.09390179,0.17755039,-0.007823817,-0.16551347,-0.023319202,0.40190157,0.3750573,-0.2430464,0.3519471,-0.48829463,-0.2344692,-0.16836481,0.1552252,0.039447196,-0.010621777,0.049582943,-0.10949773,-0.23762108,0.19478929,-0.09368912,0.09926585,0.11793045,-0.16728914,0.34136182,0.0969361,0.09299097,-0.1418589,-0.06403761,-0.22277555,0.20334625,0.41458723,-0.23213115,-0.24520196,-0.07192321,-0.349766,-0.16060261,-0.25555852,0.18225597,-0.1991653,-0.12974995,0.11197922,-0.14143375,0.16181661,-0.38375303,-0.13115323,0.11796461,-0.22763136,0.3514352,-0.07292538,-0.13412072,0.32780313,-0.088408925,-0.36483696,0.07452767,0.15636444,-0.07606057,0.3916094,-0.06910624,0.26476914,-0.43876272,-0.021083256,-0.18076396,0.256721
-0.16206148,0.19369596,0.05472989,-0.34260347,0.09642614,-0.3537487,0.39569688,-0.11909578,0.22859147,0.01704505,-0.33073112,0.06577771,0.32038793,0.44574445,-0.12324419,-0.026634883,0.20686735,-0.30491257,-0.24422564,0.25007373,-0.292014,-0.3471149,0.09510887,-0.26137057,-0.20784073,-0.053429037,-0.2822378,-0.10902191,0.17959392,-0.005816106,0.05655067,0.37315214,0.34038302,-0.21603045,0.21940675,0.47764593,0.08528403,0.24674758,-0.09871167,-0.69893503,-0.10040684,0.34347367,-0.21713547,0.049550757,0.093717575,-0.25868002,0.13444689,0.53433996,-0.081515476,-0.02404892,-0.11891391,0.15053608,-0.45807165,0.25857025,0.16655332,-0.049069162,0.3314536,0.028783286,0.07655576,0.40401742,-0.41261396,-0.21543677,-0.22805165,-0.29141098,0.019268941,-0.016437868,0.016434921,-0.082509585,-0.33195913,-0.11488185,-0.10547326,-0.04065569,-0.14772575,0.37861046,0.116733566,0.19383551,-0.12153543,-0.3405286,-0.37555966,-0.1155843,-0.4213311,0.0043131663,-0.13243377,-0.09299424,0.4461368,0.16804112,-0.07949394,-0.33609617,-0.22989355,0.42295176,-0.08451301,0.098497204,0.13777147,0.29226878,-0.07606344,-0.2088583,-0.04478807,-0.500534,-0.014945627,-0.3009477,-0.38735855,0.11012487,-0.089310616,0.0010238675,0.4676849
0.35956106,-0.21546128,0.30295646,0.46416366,-0.32729432,0.27695388,-0.5066329,-0.17576899,-0.4176268,-0.1535787,0.44701773,0.33634558,0.26061064,0.101963006,-0.27877513,0.38204116,0.00978339,-0.6313714,-0.298567,-0.11011945,-0.38170722,-0.58768255,-0.302497,-0.093011566,-0.640718,-0.43774867,-0.14131024,0.3332245,0.23423892,-0.57213414,-0.09384736,-0.60791117,0.09387117,-0.35391507,-0.3103522,0.08734909,0.45764267,0.6493856,-0.33937266,-0.27187622,-0.1493991,0.1958337,-0.41349623,0.03421148,0.48785144,-0.35722172,-0.19115448,0.37877962,0.033746295,-0.58952266,0.18824992,0.024804736,0.5139318,-0.16545689,-0.88265026,0.63962686,-0.30931377,-0.25296408,0.42302614,-0.2232113,0.23233853,-0.25608775,-0.38817823,0.2477182,-0.06351429,0.08481139,0.41104126,0.5144228,0.505481,-0.34232727,0.09067409,0.48090366,-0.259605,0.4516795,-0.18102382,0.37417218,0.4366593,0.50044763,-0.21953142,-0.0060824216,-0.3184366,-0.14791092,0.20560637,-0.40615213,-0.08611621,-0.5371834,-0.29248548,-0.15236317,-0.06632807,0.9147911,0.3901498,-0.4215067,-0.2597177,-0.12614952,-1.1727458,0.00010751152,-0.60292196,0.29576692,-0.1852731,-0.005498507,-0.5506479,-0.21278596,-0.26886678,-0.5928825,0.029575564
-0.21010445,0.15767203,-0.37925228,-0.23355234,-0.06974362,-0.30763122,0.40904725,-0.19336417,0.23205645,0.027432378,0.07238156,0.11620879,-0.23777218,0.4093883,-0.18557169,0.09997082,-0.052540746,-0.21295613,-0.2188719,0.26539522,-0.36332044,-0.16330492,-0.04098427,-0.2813518,-0.23744085,0.09413513,-0.269933,-0.23219113,0.2285596,0.24091135,-0.09668138,0.15748815,0.26994956,-0.3759997,0.096104085,0.14752817,-0.14298864,-0.09110593,-0.12759133,0.0068942523,-0.0750325,-0.15662718,0.08689622,-0.030320093,0.23071228,-0.07066927,0.01930575,0.47913697,-0.22260557,0.22100732,-0.23653784,0.22056437,-0.07158229,0.27928373,0.14230354,-0.032529473,0.12204043,-0.13439944,-0.06738729,0.29006794,-0.30097738,-0.24274155,-0.21340242,-0.29605615,0.1675119,-0.09705546,-0.14249824,-0.32114246,-0.14188534,-0.20139055,-0.1092414,-0.41398463,-0.16851988,0.5702587,0.1737009,0.24536195,0.094261184,-0.26384306,0.10834132,-0.18428141,-0.38687295,-0.052507207,0.0713126,-0.098755784,0.28035086,-0.24704655,-0.124742344,-0.27299672,-0.22406794,0.2447666,0.008608265,0.30475226,-0.0101764845,0.23218684,-0.18462177,-0.06440516,-0.2748009,-0.36011085,-0.14538051,-0.02625504,-0.2202099,0.23463869,-0.26221877,0.054108407,0.29780266
-0.27974153,0.023685439,0.19811726,0.06555537,0.021066025,-0.16678809,0.016184919,0.17603508,0.065172,0.086036325,0.2564018,0.27076238,-0.35472336,-0.6724321,-0.14612404,-0.2933541,0.5632786,-0.20647952,-0.15759699,0.24457826,-0.2261199,-0.14039601,-0.18639976,0.33150548,-0.21309423,0.052298564,0.3410212,0.30076692,0.042328697,-0.33806893,-0.27247813,-0.26457086,0.055041753,0.07873803,0.14986359,0.06353563,-0.21606551,-0.11954982,0.20355634,-0.014518097,-0.052605834,-0.1773678,0.104939826,-0.30351663,-0.07023193,-0.086041495,-0.10326614,0.45188653,-0.021528272,-0.38691032,0.3361233,-0.03824303,-0.3055311,-0.34571394,0.3774151,0.09866066,-0.09946156,0.002422051,-0.23679438,-0.21300161,0.21622859,-0.12893295,-0.03074134,0.12551764,-0.24381498,0.25340027,0.07276541,0.2923573,-0.20916644,0.03967776,-0.24849783,0.15018797,0.59604406,-0.091998,-0.21682915,-0.07239625,-0.13309944,0.008659072,-0.1275999,-0.25376987,0.025674991,-0.08595439,-0.32987362,-0.17228222,-0.30933923,0.14341813,-0.27474576,0.30669823,-0.40814927,0.3555383,0.40785253,0.01265117,0.09604925,-0.1956232,-0.40942284,0.01020818,0.16821484,0.091920465,0.250307,0.39193738,-0.128797,0.40847114,0.001757422,0.2704777,0.21650562
0.0027651219,0.11585824,0.095464796,-0.36227575,-0.047624066,-0.25158113,0.2939108,-0.051070984,0.34818503,0.1190293,-0.077577844,-0.15776932,0.10337418,0.2870864,-0.14879449,-0.062320977,0.19949429,-0.26808354,-0.28448212,0.1317976,-0.30905533,-0.39357284,0.08618993,-0.16562703,0.09556638,-0.39764726,-0.1546456,0.012629475,0.022132475,-0.16258529,0.1481944,0.18231949,0.443482,-0.13745517,0.05859352,0.23104072,-0.023376318,0.3865772,-0.14308816,-0.43448272,0.22791536,0.09404231,-0.26192042,0.08933726,0.25314,-0.21012607,0.088772394,0.31842938,-0.115171425,-0.18675803,0.058410577,0.034795117,-0.49024853,-0.011486609,0.37684268,-0.15032718,0.3162452,-0.105940185,-0.095549114,0.014882144,0.022078909,-0.21883729,-0.21413752,-0.20539996,0.0006879328,0.009117006,0.16158669,-0.0374688,-0.25670272,-0.21779723,-0.03691915,0.39203554,-0.013834878,0.41169018,0.07841348,0.13535954,-0.0155261755,-0.15041357,-0.35703632,-0.1580587,-0.21234976,-0.15652779,-0.09912525,-0.03992191,0.25402647,-0.1742592,-0.24904941,-0.08544625,-0.18082897,0.38394892,0.3267107,-0.25629354,0.00705062,0.06899158,0.015366275,-0.14526917,-0.33021623,-0.45309624,0.037839834,-0.00058295473,-0.278014,0.16841222,-0.06196389,-0.27853736,0.3882836
0.0032728324,0.017452812,-0.21461226,0.03424224,-0.032051485,0.050690476,0.06755557,-0.07801036,0.1967901,0.08734915,0.20597233,0.24885526,-0.23691462,-0.1079152,-0.09576596,0.060240775,-0.07937935,-0.34182453,-0.13343824,0.11353277,-0.20299713,0.02342512,-0.22305778,-0.081703775,-0.27505878,-0.049683217,0.29500076,-0.13016169,0.18077807,0.09170977,-0.10932384,-0.007289403,0.086996466,-0.071141616,0.15737656,0.30349335,-0.22874293,-0.18778425,0.32287753,0.19117817,-0.35055578,-0.2558455,-0.21332383,-0.07922004,0.22396356,-0.22574836,-0.16134314,0.40461248,-0.10113981,0.00051992794,-0.14245702,0.13041076,0.055036116,0.13217707,-0.46959147,0.28600207,-0.1846765,0.032869514,-0.15973072,0.16580616,-0.15660389,-0.09404476,0.060956195,0.3075682,-0.082506105,0.16781905,0.20543626,0.037777435,0.07113048,0.1744441,-0.16207331,0.02051384,0.06918143,0.5287868,0.055915087,0.17354006,0.21403717,-0.3530344,-0.06136706,0.11285784,-0.24034841,0.010418149,-0.021199567,-0.30415076,-0.1268127,-0.025325226,-0.30345392,0.26096997,-0.30814195,0.45347828,0.023368511,-0.09842033,-0.036417793,0.013147115,-0.3548749,-0.0062858537,-0.5354467,-0.25624198,-0.10831913,0.11534658,-0.11456139,0.024765916,-0.20340084,0.11009235,0.0280718
0.43252105,0.46790114,-0.2762023,-0.561988,-0.07774901,-0.807813,0.3886372,-0.027112797,0.047636,0.50457996,-0.20472112,0.058794674,-0.39790195,0.5314143,-0.23784025,0.1574795,0.30077362,-0.3456783,-0.27196106,0.12422132,0.0054853647,0.48685735,-0.23257147,0.09304555,-0.33481634,-0.2772537,0.20746034,-0.16728301,-0.03239057,0.007735234,-0.19830886,0.26053107,-0.040638555,-0.10157574,-0.3864128,-0.16281012,-0.062389176,0.055818345,-0.13707566,0.12855357,-0.123944394,-0.14257032,0.3364699,-0.12434101,0.32830226,0.27820566,0.33560857,0.64920723,0.3138055,-0.3110638,-0.2502955,0.12578033,0.14830312,-0.35454524,-0.40742683,0.10520316,0.6775816,0.040243253,0.5049432,0.33043632,-0.32826766,0.16195324,0.24802102,-0.16373098,-0.40324935,0.39179775,-0.3813091,0.15637557,0.16430368,-0.41110483,-0.34454948,-0.25293672,0.118093036,0.7137051,-0.31636903,0.08230444,0.40372983,-0.098378494,-0.3209189,0.026915226,-0.7629548,0.20312445,-0.048603673,-0.013266046,0.5086273,-0.2794404,0.08224163,-0.20547669,-0.32299784,0.111581884,-0.07912385,0.37417564,0.38378173,-0.32758236,-0.18732439,0.23493719,-0.3781332,-0.64500004,0.4320349,-0.04874682,0.36818218,-0.17945418,0.18117002,0.3784501,-0.34190333
-0.31556702,0.13932866,-0.43537822,-0.13411202,-0.08127213,-0.07034951,0.24992824,-0.12410616,0.17237905,0.09856859,0.048159424,0.17141119,-0.16476397,0.3340855,-0.12998623,0.08734814,-0.20792498,-0.20465598,-0.11110697,0.27677956,-0.5529828,-0.08525139,-0.08199249,-0.116612814,-0.051550075,0.105617926,-0.22883718,-0.1086056,0.08947721,0.12831552,-0.0036202862,-0.0313869,0.03523396,-0.22023785,0.029413914,-0.14513682,-0.14824224,-0.1316819,0.12496743,0.10726805,-0.054229442,-0.2587014,-0.0045537995,0.094446845,0.2636576,-0.0783056,-0.047138225,0.28438655,-0.08940449,0.13429084,-0.14714128,0.09874755,0.15297377,0.08408709,0.12158699,0.09031302,0.034433678,-0.07354238,-0.19006889,0.21914417,-0.2161421,-0.1374534,-0.029129079,-0.069142126,0.07251755,-0.015906602,-0.23432873,-0.038818974,-0.101858,-0.020778554,-0.19563241,-0.24489202,-0.013106659,0.29462898,0.17741907,0.13920557,-0.14126717,-0.44190106,0.09498661,-0.0047118496,-0.21141262,-0.11624573,0.13045289,-0.025146883,0.20432466,-0.28829077,0.057933178,-0.14076187,-0.17637284,0.09911031,0.033172596,0.18045726,0.22673862,0.028626949,-0.3665527,0.10196779,-0.6746949,-0.033877723,0.043377243,0.13149044,-0.17402425,-0.031522997,-0.20363313,0.14254571,0.0970378
-0.23835288,0.2147556,-0.40770635,0.09591278,-0.49897587,-0.24562682,0.4259091,-0.035911668,0.18976472,0.12173876,0.14592114,0.12612431,-0.26295704,0.27545172,-0.15446466,0.09180471,0.00096018903,-0.41660705,-0.16900031,0.25863615,-0.48174486,-0.12611833,-0.17528342,-0.17075214,-0.2584142,0.02533809,-0.12155151,-0.123995066,0.17495027,0.06763072,-0.3820378,-0.09471877,0.06069846,-0.26706815,0.07670645,0.114365935,-0.18645956,0.040670734,-0.06796671,-0.0014432685,-0.09886768,-0.26025686,-0.14390197,0.05622636,0.3509448,-0.33155656,-0.045076005,0.45559672,-0.16054565,-0.0022838109,-0.12818258,0.13189794,0.18854697,0.089864224,0.123237304,0.25147054,-0.17197716,-0.089598626,-0.22892499,0.01851866,-0.0069745844,-0.22261678,-0.22028413,0.020433826,0.10654418,0.053990006,-0.053653672,0.1143723,-0.117969476,0.015698614,-0.019503174,-0.12472274,0.07304462,0.008052401,0.1337101,0.26111537,0.002783062,-0.21547313,-0.04364109,-0.26056278,-0.33186746,0.0051212106,0.019684006,-0.20127776,0.1689106,-0.23361333,-0.28517824,-0.15915546,-0.29309857,0.41405308,0.08571285,0.07103468,-0.08173186,0.018371329,-0.53424144,-0.008948852,-0.29718524,-0.09622737,-0.018119104,0.84858924,-0.1432476,0.06578238,-0.09515078,0.039385486,0.24719262
0.11578393,-0.023889508,-0.13460484,0.18076693,0.31385687,-0.2912631,-0.02921546,-0.027953299,0.20194861,0.108130656,0.2675552,0.26667315,-0.34216475,-0.2722663,-0.15106764,-0.3111184,0.2575344,-0.40977654,-0.18260127,0.18544906,0.3042155,-0.08616019,-0.2448498,0.17660515,-0.3029259,-0.14682074,0.30401713,-0.10681087,0.14469033,-0.10832257,-0.020172922,0.30224717,0.19455215,0.14866489,0.31604853,0.40467826,-0.28404662,-0.292229,0.3145359,0.100219384,-0.061046574,-0.24725887,0.17092621,-0.24717268,-0.04073688,-0.28737918,0.012383251,0.30011746,-0.095598064,-0.4431741,-0.080140114,0.21081449,-0.3707657,-0.23536783,-0.21701086,0.2570922,-0.19473095,0.21955483,-0.21444596,0.10920257,-0.083055936,-0.07702562,0.34223092,0.14170542,-0.41737738,0.21536694,0.3151485,0.123496376,0.26017722,0.13808256,-0.1782478,0.3452627,0.02665741,0.46996725,-0.08691501,-0.060818817,0.30644768,-0.4448205,-0.22694038,-0.26188812,-0.3030451,-0.13989338,-0.15267451,-0.2701709,-0.17544815,0.23328535,-0.5391122,0.30348852,-0.3474234,0.42420277,-0.12605122,0.14505222,0.16613078,-0.18299884,-0.3826888,-0.30920088,-0.35273716,-0.4027946,0.117282555,0.13670205,-0.3195499,0.27516532,-0.24724457,0.19980347,0.1738535
0.037416093,0.08500447,-0.12088147,0.010582974,-0.17727365,-0.17058341,0.2841004,-0.12934425,0.2429183,0.041313004,0.08876193,0.10631606,-0.2706148,0.37262255,-0.15499303,0.07259388,0.2737639,-0.27602935,-0.25589964,0.19345708,-0.22830112,-0.12291942,-0.26797768,-0.21135697,-0.36778533,-0.20215179,-0.14280704,-0.19309363,0.22686821,0.15889557,-0.34202418,0.14463857,0.21546178,-0.2558964,-0.054740116,0.25284785,-0.1540941,0.03430045,-0.21125418,0.06033129,-0.2187708,-0.2767552,0.27229184,-0.15798704,0.21226448,-0.11106939,-0.05407565,0.31738585,-0.18027669,0.085185155,-0.18790486,0.18562683,-0.11412329,0.30281636,-0.51679534,0.3249564,0.046045072,0.15217026,0.33630282,0.24227288,-0.24967077,-0.21444926,-0.19171949,-0.16877688,0.00353568,0.18536597,0.16509531,-0.037753977,-0.036130987,-0.19307157,-0.14628853,-0.119138524,-0.092060685,0.48048237,0.14821634,0.23535626,0.22386307,0.032541644,-0.005666315,-0.3385797,-0.3453791,0.013736427,0.07246382,-0.2576332,0.10978492,-0.22092676,-0.375629,-0.31763187,-0.46551627,0.56695473,0.020320503,0.24782868,-0.064422384,0.10422318,-0.71096796,-0.2596612,-0.5057128,-0.40817782,-0.13062583,0.2522193,-0.15017162,0.27329886,-0.057373878,0.16454813,0.20660448
0.45801368,-0.32822856,-0.48087063,0.3714938,0.39635256,0.4237527,-0.46462336,0.6487105,-0.13807906,0.6659859,0.56656647,0.32271382,-0.6117528,-0.7969029,-0.23924842,-0.17888936,0.22076185,-0.5027603,-0.434401,-0.37776998,0.7090618,0.16339129,-0.49009648,0.44161302,-0.45919886,-0.34035686,0.55482024,-0.47454175,0.55206347,-0.4919957,-0.23576175,-0.32259625,-0.5913833,0.36323947,0.50285906,-0.2714374,-0.5524578,-0.11424031,0.5041436,0.51184803,-0.5540983,-0.54656965,-0.310765,-0.37803894,0.16325839,-0.41887528,0.29674047,0.17844869,0.2642682,-0.60862297,-0.32020846,0.51065654,-0.43476585,-0.44358712,-0.47869912,0.42826873,-0.4714895,0.3339528,-0.3898036,0.12546436,-0.12592578,0.47765642,0.50125885,0.39764184,-0.33943826,0.42833883,0.47754106,0.08264423,0.36450005,0.43326423,-0.47045824,0.5413215,0.5158218,0.5873432,-0.4458439,0.3054344,0.53940153,0.37837788,0.18512881,-0.10560315,-0.22589749,0.502816,-0.7884458,-0.5629693,-0.539975,0.6757011,-0.46080875,0.52085173,-0.7238044,0.49433312,0.052589577,-0.040182505,0.13664873,-0.4568959,-0.57921344,-0.5935786,-0.21799158,0.21688637,-0.6159199,0.40947613,-0.43366557,0.3103567,-0.34694874,0.5434052,-0.5385211
