0.1134877,0.011776487,0.076654725,-0.28075427,-0.058928825,-0.031723,0.08914565,-0.034442984,-0.1155289,0.18862054,-0.16041465,-0.12135674,0.109479584,0.18844311,0.095467925,0.31821042,0.06805828,0.18379903,0.20870586,-0.046369053,-0.19028774,-0.38562548,0.3157409,-0.1316987,0.17607903,-0.27280155,-0.12686916,0.39037636,0.046892844,-0.45749027,0.044669922,-0.034517437,0.06151231,-0.15558803,-0.1131349,0.02065419,0.23021933,0.27665812,-0.11693728,-0.09753902,0.15730746,0.13401987,-0.32516694,0.090402275,-0.25738522,-0.06184192,0.102942966,0.386104,0.25983137,-0.28493994,-0.0153454095,-0.16934715,0.45947185,0.14830293,-0.34127975,-0.16926132,0.31227297,-0.21103649,0.22171466,0.25923064,-0.28190586,-0.14102018,-0.12309498,-0.036909245,0.11990772,-0.17341265,0.08083679,0.14978325,-0.34074992,-0.15236016,-0.25648442,0.07587395,-0.21250175,0.36209399,-0.18110913,0.14251229,0.102270834,0.09948198,-0.1578098,0.16115738,-0.15329587,-0.20887162,0.06139581,0.19313289,0.16193114,-0.19943291,0.1409245,-0.18118446,0.027300525,-0.2549824,0.2154173,0.03478284,-0.10499407,0.017860109,0.24083109,0.030869475,-0.3374305,-0.015011058,-0.01023399,-0.07494522,-0.023693115,-0.24475394,-0.09929938,-0.4182155,0.047804534
-0.45550996,0.2909061,-0.3150252,-0.33175203,-0.17707531,-0.19827682,0.813996,0.3079584,0.6376833,0.19383512,-0.2623325,-0.13770093,-0.39720884,0.3725364,-0.026078667,0.1687665,0.16399114,0.6046849,0.33888236,0.24746315,-0.5779236,-0.16685817,0.018399185,-0.04807378,0.5548942,-0.22041595,-0.21723111,0.62398547,-0.44995305,-0.51111007,-0.26073354,-0.71689385,-0.13883439,0.5986697,0.25769386,-0.0234142,0.019939061,0.058196854,-0.13934793,-0.43905964,-0.042826843,-0.5655839,-0.31489637,0.38550285,0.6758815,0.098305345,0.07768909,-0.48406738,-0.03435092,-0.36925012,0.71248865,-0.49930373,0.53133094,-0.39630204,0.36409944,-0.40669987,0.024443133,-0.12732075,-0.3136961,-0.5947862,0.5840157,-0.2764471,-0.032587204,0.45577243,0.119625814,-0.08415587,-0.3696817,0.24921599,-0.41245115,-0.13147832,-0.07266333,-0.17350477,0.32773536,-0.5125572,0.124500446,0.08057633,-0.4560337,-0.63295263,-0.2654339,-0.19546562,-0.15859492,-0.18607195,-0.0057216953,0.41657248,0.40190113,-0.5698787,-0.2788501,-0.20440845,-0.2537028,-0.3423411,0.15193857,0.05114757,0.06727317,-0.41898656,-0.20703405,0.07390406,0.037713382,0.030504925,0.45348376,0.38900983,0.44920555,-0.42890427,0.27493834,-0.2550479,0.13843732
-0.52123207,0.5718256,-0.66619223,-0.1104854,-0.07087907,-0.5048302,0.5678363,0.68095374,-0.012788791,-0.039665572,-0.4951704,0.37231186,-0.34092706,0.32750946,-0.10086767,0.22206736,-0.3411817,0.47203356,0.52504164,0.18603589,0.006045617,0.07818732,0.7265407,-0.36948124,-0.002952567,0.5434122,-0.36473766,-0.37837386,0.3435333,0.49457976,-0.39595315,0.25985956,-0.3479426,-0.2326041,0.5203109,-0.43243453,0.6682834,0.119462304,-0.18411805,-0.34228897,0.5292853,0.13741788,-0.40634522,0.108997375,0.20533763,0.70647144,-0.07370286,0.7889452,-0.3188265,0.37000155,-0.37875462,0.38967958,0.45637628,0.13411061,0.84589994,-0.03430261,-0.341794,-0.21741799,-0.28435364,0.19461644,-0.2147656,-0.24217102,-0.20840897,-0.5823997,0.3496019,-0.29716274,-0.8346036,0.29542765,-0.36318812,0.5964426,0.84321785,-1.0627137,-0.3359385,-0.031702247,0.3250786,0.035152517,-0.5381866,-0.49923515,-0.059878506,-0.3150586,-0.41383442,0.59233916,-0.20516461,-0.005820295,0.7265585,0.8908805,0.10873066,-0.5392612,-0.42085752,-0.46128663,-0.18204102,0.42342827,0.10880523,0.2169779,-0.27580968,-0.1890166,0.43471554,-0.5328511,0.044027083,-0.32179266,-0.27235162,-0.23637033,0.05532375,1.0687206,-0.3094519
-0.47215697,0.17038718,-0.6827294,-0.16156593,-0.13964808,-0.29127878,0.6104862,0.38821748,0.3249776,-0.1890711,-0.6020457,0.016047796,-0.32989767,0.44582555,-0.21452041,0.16678247,-0.047661994,0.6421383,0.2277583,0.3844057,0.047758956,0.1314059,0.21442989,-0.28636968,0.26449552,0.7340902,-0.45462677,-0.29603845,0.12310914,0.43177634,-0.032973994,0.28099248,0.032842427,-0.19525108,-0.045515586,0.079206936,0.017635277,-0.69382095,-0.26453796,0.17327687,0.4512541,-0.32865447,0.30427957,0.44544312,0.20553285,0.15919964,-0.10553447,0.250612,-0.24383341,0.45446235,-0.3395239,0.27651215,0.1693677,0.19070318,0.5167766,-0.7500062,-0.26195765,-0.009431903,-0.2683209,0.39689037,-0.40725806,-0.2685305,-0.13731651,-0.4835901,0.2520625,-0.28904566,-0.7645131,0.22619726,-0.26972482,0.3295731,0.11574554,-0.7149022,-0.32647315,-0.37599236,0.27879834,-0.060104232,-0.5607654,-0.74770916,-0.023389729,-0.40291095,-0.19509305,-0.1866436,0.0498923,0.16232473,0.58689624,0.090341225,-0.031151654,-0.36276686,0.030805215,-0.59188277,0.007203925,0.49506068,-0.22554146,0.17011024,0.10890008,-0.39732316,0.49198458,0.06539615,0.033445846,0.35487658,-0.15205456,0.07750138,0.13719828,0.5676825,0.16904603
-0.22823183,-0.23145583,0.13773768,0.1659083,0.24450625,-0.06827483,-0.1598273,-0.042834755,0.2375887,0.4750239,0.24155205,-0.0393628,-0.21454814,-0.24771251,0.17138168,-0.2704652,-0.19245096,-0.23123759,-0.20059757,-0.23827857,-0.085411295,-0.1410281,-0.21700083,0.28606093,-0.17514458,0.015010758,0.2469002,0.3718305,-0.20493177,-0.31887177,-0.11881012,-0.26014397,-0.46732613,0.29066157,0.19343884,0.23648584,-0.259444,-0.13019288,0.24977636,-0.02049981,-0.25054586,-0.2181453,-0.47709206,-0.11367527,0.017892424,-0.26682732,-0.17562643,-0.2666125,0.020401195,-0.34142497,0.39132342,-0.40370655,-0.29528815,-0.30311176,0.43363148,0.11277829,-0.17812799,0.11873994,-0.16641578,-0.44143692,0.4600482,0.23782046,0.30579644,0.23297647,-0.14428993,-0.0062271496,0.18928644,-0.14947005,0.1300812,0.1327091,-0.24074,0.24080963,0.25823593,-0.25956926,-0.34448898,-0.16587827,-0.2798161,-0.3226815,-0.43652132,0.32052442,-0.118924856,-0.6087119,0.18316607,-0.222809,-0.18327169,0.05494115,-0.32966822,0.20038736,-0.22466092,0.12972426,-0.26447704,-0.22841007,-0.054817803,-0.2487764,-0.14322394,-0.14415647,-0.18388508,0.22841871,0.15253896,0.23392417,0.47652763,-0.24952678,-0.11247792,-0.14054438,0.40541816
-0.50997585,0.36059526,-0.07858016,0.057096124,0.110525236,-0.35239235,0.77472436,0.41614684,0.0059112865,-0.1276402,-0.44879028,-0.12836172,0.099979036,0.3414576,0.02108996,-0.21501033,0.66538954,0.5910253,-0.022665108,-0.017149186,0.3635382,1.0243784,0.4479433,-0.28114185,-0.17686716,0.2815056,-0.12689163,0.5548931,-0.18991227,-0.43421733,-0.6073619,0.15483798,-0.45034367,0.8024944,0.2156959,0.24579886,-0.015564399,0.35238436,-0.41189498,-0.563446,-0.14281064,0.49745235,0.11923332,0.12633419,0.41688976,0.6382453,0.10517395,-0.38510883,0.24004383,-0.43855563,0.67230904,-0.600479,-0.17970334,-0.24425879,0.37628525,-0.4152871,0.4270625,-0.062352262,0.3579272,-0.7322257,0.6445633,-0.120015815,-0.16393404,-0.29095468,0.21942686,0.035064895,-0.67319745,0.113021754,-0.2621361,0.19248708,0.6485032,-0.4849284,0.30566856,-0.84723324,0.18819137,-0.29074803,-0.49270284,-0.594611,-0.34263602,-0.16241966,0.013602925,0.37426296,-0.23711807,-0.0943821,0.43821037,0.64063114,-0.31124604,-0.3984096,-0.2387522,0.18575905,-0.4402603,0.30630955,0.09190989,-0.15747124,-0.010112811,0.119304456,0.434968,-0.5232404,-0.11738442,0.14120929,0.79411227,0.03984752,0.65620714,0.4279041,0.16148713
-0.33130848,0.16542494,-0.49574044,-0.061624512,-0.262814,-0.03754655,0.38549906,0.13968161,0.20421582,0.019080013,0.071357,0.048881963,-0.19152233,0.40221962,-0.152669,0.37956536,-0.17834258,-0.023713505,-0.19766404,0.26315248,-0.48033798,-0.34667584,0.057609517,-0.21688265,-0.10796804,-0.23696275,-0.28957492,-0.20599818,0.26375106,0.18423845,-0.0731863,0.07969193,-0.053005856,-0.33102188,0.15067084,-0.32237476,-0.12655132,0.05358799,-0.05767877,0.2133405,0.044402186,-0.28052127,-0.3191188,0.054161757,0.2556241,0.13345584,0.020000447,-0.017502494,-0.16790465,0.18177514,-0.24801444,0.19469462,0.36013266,0.3066146,0.09840004,0.29199225,-0.31521153,-0.018282318,-0.12507796,0.38050225,-0.40123987,-0.2694791,-0.22584905,-0.009028192,0.2708912,-0.09787705,-0.23851548,0.23798607,-0.30375573,0.12787646,-0.07438427,-0.35589728,-0.14832461,0.11695865,0.24518082,0.25618228,0.01687925,-0.14867176,-0.03318648,-0.16473977,-0.35277194,-0.23079295,-0.07172234,0.034134135,0.09901511,-0.24440442,-0.045500543,-0.28645068,-0.2604868,-0.08198868,0.23644763,0.18970105,-0.10693128,0.10660121,-0.3478666,-0.5953118,-0.31232348,0.058190845,-0.072384536,0.3734403,-0.31177494,-0.07503786,-0.045858983,-0.106903486,-0.13975245
-0.42724946,0.19440903,-0.4902832,0.4603636,-0.12322839,-0.06094344,0.62824756,-0.6814839,-0.054100994,-0.3598496,-0.21687157,0.5400949,-0.44999117,0.1854518,-0.16390264,0.3024644,0.244833,0.24432586,0.007197539,0.1716898,0.6734555,0.08131072,0.34560698,-0.31613916,-0.2861669,0.053610235,-0.27853298,-0.2559304,0.15421095,0.3381873,-0.23136535,0.3366083,0.034413178,-0.083028354,0.48155078,-0.4955715,0.11648452,-0.4470782,-0.24774072,0.2540115,0.5252468,-0.039021794,0.21888232,-0.11231823,0.05729856,0.12314143,0.005077031,0.7444097,-0.20439959,0.3291749,-0.29246828,0.26362884,0.24522203,0.15127264,0.5471709,-0.35476986,-0.25005668,-0.453113,-0.19680093,0.34370738,-0.35324448,-0.27106923,-0.29514083,-0.2690111,0.22602189,-0.28616688,-0.6927609,0.28909,-0.2014122,0.33249325,0.11546365,-0.56926435,-0.3500591,0.04731358,0.26899403,-0.22738044,-0.07967039,-0.33515465,-0.2438472,-0.43406668,-0.25305283,-0.18380325,-0.23506494,0.16396551,0.37392154,0.23574786,0.3094058,-0.463056,0.33473042,-0.6708028,0.12098214,0.14875853,-0.1826763,0.29015866,0.19260071,-0.6998315,0.40945175,-0.18882477,0.27454555,0.024128497,-0.30836725,0.09917077,0.009137195,0.26200056,0.06860336
-0.4914992,0.43596902,-0.6192945,0.39497185,-0.17528372,-0.36123475,0.6982954,-0.24247806,0.19268006,-0.13819696,0.18707465,0.32980084,-0.4515252,0.38822198,-0.24016592,0.33413753,0.32410195,-0.36298564,-0.46719044,0.32601297,0.07524253,0.3325372,-0.58477783,-0.3436618,-0.53031826,0.20721866,0.027113004,-0.37106016,0.41457343,0.36604232,-0.91578835,0.24112168,-0.06545909,-0.3561054,0.40848354,0.069438316,-0.31256106,-0.4315788,-0.08011717,0.2379072,-0.16663645,-0.36655244,0.25146866,-0.32121992,0.24870555,0.31656593,-0.10869356,0.5247693,-0.3203563,0.28216413,-0.39459097,0.36058483,0.60804015,0.41445825,0.22045165,0.7054592,-0.62646836,0.2414191,-0.4668189,0.46536997,-0.50405234,-0.3420613,-0.33649063,-0.11057207,0.21000113,0.03019165,-0.39327607,0.10270756,-0.16217598,0.44271523,-0.097578034,-0.60548353,-0.061684266,-0.16086069,0.29071173,0.2368838,0.37101045,-0.18577072,0.15015385,-0.44409585,-0.4723841,0.18520708,-0.05377666,-0.29869336,-0.037161566,0.2013626,-0.26146755,-0.38986546,-0.4806896,0.7138975,0.18129872,0.44143784,-0.13426183,0.22112463,-0.79198986,-0.59470403,0.39935482,-0.40005755,-0.13331562,0.59900594,-0.32903773,0.23394895,0.050026063,0.42229652,0.035839245
0.15494919,0.1321719,-0.07476717,0.07170311,-0.015929429,-0.10718963,-0.07767681,-0.25204155,-0.030512363,0.26493475,0.03616383,0.1503221,-0.15963149,-0.32463783,0.044941522,-0.23299143,0.20150495,-0.2020644,-0.14762154,-0.0029221913,0.20101264,0.17933741,-0.24082565,0.18050592,-0.14037411,-0.2235289,0.20426397,0.329545,-0.30642667,-0.35064474,-0.29284772,-0.14101568,-0.41432753,0.27520868,-0.16629356,0.0008654387,-0.29359183,0.54502594,0.24071456,0.080302805,-0.27457166,-0.05972342,-0.008396537,-0.1480775,-0.1500693,-0.19337077,0.23702967,-0.005994653,0.21159472,-0.30048615,0.42344254,-0.30168563,-0.2953856,-0.31934035,-0.053919658,0.091679655,0.116466224,0.14166431,0.15371196,-0.21622811,0.21034376,0.18222956,0.18438148,0.15039773,-0.11659438,0.113300845,-0.012327192,0.32871845,0.21866408,-0.49388433,-0.19477962,-0.20101883,0.3040661,0.037469078,-0.36473554,-0.3234466,0.13310923,0.10056114,-0.013565677,0.013442762,0.28115267,0.15990594,0.21939781,-0.24682347,-0.1851355,-0.24717897,0.01990907,0.21730007,-0.19281587,0.12289891,-0.2938025,0.08434969,0.008560012,-0.18265899,-0.1285957,-0.005798201,-0.15919125,0.20319259,0.13828994,0.096068926,0.24695428,-0.08211814,-0.033848077,0.1263829,0.3378347
0.36212873,-0.18426864,0.38357332,0.17184049,-0.118885845,0.58051753,-0.36724514,-0.525065,-0.34766424,0.51864064,0.16342205,0.15099992,-0.03430741,-0.35616663,-0.38006788,0.12685305,0.6148773,-0.33233544,-0.41159707,0.35663858,0.8965903,0.3467281,-0.32326853,0.431883,-0.27694836,-0.5090334,0.46084738,0.36365247,-0.3520742,-0.3931761,-0.39415172,-0.22332582,-0.8571481,0.2623838,-0.50120497,0.38095284,-0.41424868,0.4935781,0.07559863,0.48882607,-0.16185755,0.008730109,-0.08528091,-0.3077312,-0.42520815,-0.28492907,0.4234166,0.13787031,0.32764938,-0.46303183,0.6018281,-0.2207414,-0.40523288,-0.42383522,-0.19659378,0.08424659,0.15942068,0.036521185,0.671527,-0.09544085,0.09957715,0.2544138,0.07704097,0.26261923,-0.035347026,0.21587561,0.25141385,0.99808544,0.3423706,-0.50319326,-0.40163052,-0.51818645,0.3645627,0.39996752,-0.3720306,0.26760003,0.4759932,0.53136456,-0.7991803,-0.6146714,-0.16412589,0.3537208,0.08317075,-0.0025746534,-0.42616385,-0.4047686,-0.27615818,-0.6775891,-0.6486819,-0.17735346,-0.045016322,0.36626908,0.04166204,-0.36775833,0.3608542,0.02156004,-0.28195542,-0.67286474,0.29639965,0.5162331,0.6957829,0.84188634,-0.15364388,0.1747306,0.32115424
0.43094543,0.37231472,-0.18949161,-0.10421488,0.26124874,-0.12668923,0.0476391,0.19465135,-0.23716277,0.16556306,0.1967751,-0.5052731,-0.037710283,0.017810727,-0.06628937,0.18507071,0.3548594,-0.24973537,-0.22505419,-0.07601031,0.38008362,-0.24382931,-0.19979665,-0.10681646,-0.17038009,-0.30929255,0.41192952,-0.16368337,0.21774264,0.11368115,0.43643615,0.30488065,0.03988901,-0.2868805,0.1873417,-0.32383117,-0.11993684,0.49887863,0.030278644,0.16010259,0.04909258,0.023473367,0.048892755,-0.32459652,-0.12667386,-0.077538796,0.34643883,0.12565212,0.0058330093,-0.017253354,-0.15068038,0.14856584,-0.16079241,0.29802385,-0.33971134,0.1613381,0.12312315,0.14992787,0.41172108,0.24722552,-0.24849777,-0.023884961,-0.23928568,-0.16907626,0.11770275,0.26879156,0.49216497,0.2710541,0.14092071,0.057144154,-0.2820266,-0.06949459,-0.12318823,0.3874237,0.06944792,0.07420383,0.27281964,0.38293478,0.09254512,0.1277567,-0.025222924,0.041233856,-0.34374338,-0.08837724,-0.2616371,-0.15956569,0.055726536,0.0051304265,-0.21528004,0.3845603,0.17950146,0.17617482,0.3099714,0.16223338,0.28519726,-0.27981108,-0.13011709,-0.30170938,-0.2698659,-0.03491111,-0.3028076,0.20736451,0.3877239,0.22919664,-0.15173575
-0.034918983,-0.3214535,0.08181741,0.14920709,0.18761344,0.06662947,-0.049173985,0.10367162,0.15266772,0.15192072,0.20170595,-0.10177908,-0.18768148,-0.17887072,0.19319499,-0.1886816,-0.0874467,-0.10196498,-0.18531631,-0.1515292,-0.017117983,-0.083249554,-0.21550891,0.20367412,-0.13440616,-0.30824757,0.20767713,0.31187943,-0.31261656,-0.27483317,-0.13267031,-0.19646476,-0.4064321,0.30263627,0.15937997,0.3004585,-0.2316347,-0.11049774,0.19305861,0.27158773,-0.24173075,-0.17277865,-0.1072696,-0.074493065,-0.2834699,-0.22770026,0.06683252,-0.30408975,0.23528972,-0.23936385,0.30975032,-0.32200518,-0.29171476,-0.22928552,0.2505407,0.058150124,-0.14493755,0.0643543,-0.1610851,-0.26642266,0.2890747,0.15265872,0.23247729,0.19159582,-0.10874945,0.095262714,0.1665548,-0.16226918,0.062890515,0.11474752,-0.212894,0.21809246,0.2163695,-0.46180597,-0.22665833,-0.17700262,-0.23612584,-0.4402062,-0.14569877,0.35705522,0.10350236,-0.21441466,0.19301867,-0.14903502,-0.16456144,-0.35399246,-0.29710668,0.15768357,-0.1447524,0.1417425,-0.1993046,-0.21119785,0.09556706,-0.08931174,-0.11336129,-0.115127586,-0.17221491,0.18664233,0.19969492,0.13521525,0.38610014,-0.38322932,-0.041825753,-0.28263924,0.38123456
-0.22893688,0.28855526,-0.6365197,-0.16363487,-0.0009029758,-0.34262434,0.35089797,0.013306544,0.29956022,0.3788143,0.108536445,0.3148487,-0.42041606,0.33671132,-0.33949637,-0.2622238,-0.028047055,-0.4916652,-0.4385963,0.17986228,-0.4646222,-0.5388653,-0.24361111,-0.1929239,-0.11797548,0.06718727,-0.2035126,-0.0781259,0.114258155,-0.015131818,0.09898044,0.14519118,-0.1635663,-0.038366962,0.4356666,-0.15951248,-0.39178592,0.4839011,0.5104862,-0.23533577,-0.13011146,-0.31225765,-0.3341784,0.05823656,0.24173412,-0.0033746213,0.15665266,0.5332414,-0.14953697,-0.17478788,-0.047266852,0.14850734,-0.368771,0.005375511,-0.08712713,0.018755792,0.3123493,-0.2973989,-0.15888795,0.032061186,0.00018166626,-0.31600603,-0.35069355,-0.19471914,0.11560028,0.14431258,-0.16167273,-0.11726051,-0.02935137,-0.37529665,-0.32584232,0.19121182,0.14063396,-0.15904845,0.39142615,0.3679747,-0.110232234,-0.16784835,-0.04667326,-0.37647584,-0.035351787,0.10336306,-0.08471239,-0.044260446,-0.08740034,-0.34227407,-0.38459596,-0.10085918,-0.32254526,0.33060458,-0.18325302,0.035403978,0.13015431,0.08770665,-0.5795394,-0.13847739,0.053802077,-0.23993948,0.20301887,0.08326725,-0.2646109,0.22713906,0.04990526,0.32411385,0.38677868
0.428761,-0.39127022,0.46507528,0.13477004,-0.25603437,0.32399625,-0.60338455,-0.13156123,-0.61221933,-0.33483547,0.6646139,0.28047985,0.46426675,-0.21826118,-0.16573057,-0.596283,0.1381155,-0.4952587,-0.2414648,-0.5054136,-0.3120813,-0.5082404,-0.15919374,-0.024534598,-0.58137614,-0.58814234,-0.036227874,0.79670805,0.019722242,-0.7481375,-0.088992916,-0.62608486,-0.05658343,0.21383761,-0.32937214,0.43343106,0.4952411,0.22987604,-0.35400027,-0.4081261,-0.29781777,0.4454083,-0.51441234,-0.0849525,-0.8938661,-0.552682,-0.20361461,0.45331368,0.2943706,-0.6608079,0.8135677,-0.35976884,-0.2867211,-0.39812034,-0.6013207,0.47754604,-0.26101568,-0.46893504,0.37216207,-0.66720194,0.63336337,-0.10762615,-0.3534829,0.08890244,-0.106433585,-0.081817724,0.4977542,0.27196738,0.18054701,-0.34896296,0.12217043,0.53502434,-0.16227761,0.5327264,-0.9130365,0.34897968,0.39455768,0.53850234,-0.51980907,0.04729838,-0.36587092,-0.35307306,0.16356976,-0.20571533,-0.32586515,-0.31693843,-0.26549843,0.20806585,-0.08397315,0.30416152,0.061928518,-0.5837467,-0.27985254,0.18283507,-0.53405756,-0.16381833,-0.37741157,0.20383365,-0.1487223,-0.18365745,-0.3044163,-0.4132529,-0.3784255,-0.88258433,0.33212084
0.021956306,0.50636417,-0.37531993,-0.15665852,0.18135545,-0.31701076,0.53117913,-0.5001372,0.52540034,0.20488489,-0.026361879,-0.108082205,-0.33625373,0.3912464,-0.17221135,0.04393661,0.35614327,-0.20682608,-0.37739506,0.3815444,0.30756995,-0.051774632,-0.6475925,-0.16035871,-0.3474814,0.38660023,0.07462009,-0.34582275,0.27213463,0.36021817,-0.24391747,0.38945347,0.068497494,-0.29174265,0.1123627,-0.045177978,-0.31911603,-0.5297074,0.04969103,0.29229322,0.25264934,-0.5674697,0.67547435,-0.12966293,-0.11542064,0.057752363,0.08617902,0.29744998,-0.19734809,0.31072566,-0.3622062,0.3274766,-0.35882667,0.35133696,-0.3101472,0.13421185,-0.034684833,0.22189714,-0.12893696,0.52852833,-0.5307455,-0.23314208,-0.10258863,-0.19222546,0.054667857,0.20767729,-0.378443,0.01124686,0.11308941,0.13753873,-0.7420947,-0.47576275,-0.1922481,0.65612346,0.20282854,-0.21578132,0.53620833,0.22911161,0.5708123,-0.08562927,0.038969215,-0.019661106,-0.02240788,-0.06965321,-0.2778997,-0.00620599,-0.31369272,-0.18521169,-0.4665104,0.2912953,-0.11085847,0.42163625,-0.040015716,0.16652018,-0.1148545,-0.84168726,0.16487704,-0.27751848,-0.13675302,-0.03981159,-0.15254243,0.44906306,0.07818243,0.37414932,0.036183745
-0.3296384,0.24845017,-0.07937027,-0.38968295,0.007937738,-0.18517415,0.80765206,0.37829033,0.14877659,0.012744587,-0.05505084,0.19219816,-0.7996027,0.07910559,0.022105834,-0.0061405636,0.24299863,0.12958784,-0.16180098,0.020646838,-0.08938522,-0.25828147,0.0060898582,-0.0633794,0.07165072,-0.2798979,-0.0019796658,0.3700331,-0.3257837,-0.2882857,-0.27093115,0.0810326,-0.24401952,0.3953547,0.5503875,0.107341506,-0.17341214,0.017623581,0.08287868,-0.069793016,-0.12233426,-0.06761221,-0.27218768,0.1566602,0.22908857,-0.03995064,0.09511229,0.4038273,-0.0023271695,-0.28952113,0.28441355,-0.4869636,0.10559593,-0.39599577,0.33050454,-0.38681144,-0.021474548,-0.33905447,-0.21170984,-0.31274268,0.293038,-0.19122809,0.04059242,0.29769248,0.13616405,-0.089798816,-0.3828851,0.31200162,-0.30302092,0.06934536,-0.3478277,-0.28663674,0.52176386,-0.144658,-0.079101846,-0.13968794,-0.28191555,-0.31146646,-0.2161333,-0.11970423,-0.11262397,-0.06503204,-0.09416824,0.05706755,0.35261366,-0.048325893,-0.060871594,-0.19997303,-0.25043038,-0.18523394,0.07327655,-0.06630715,0.16924451,0.028056193,-0.26431444,-0.038365737,0.22594592,-0.008892953,0.74023896,0.06461444,0.14673583,-0.67767584,0.09151664,0.09825412,0.2597687
-0.3383668,0.37540492,-0.22996533,0.01519246,-0.06598097,-0.42414978,0.6649661,0.1391472,0.28000847,0.56908804,-0.03826947,-0.15739724,-0.16036801,0.10966909,-0.01706266,-0.24804306,0.26938945,-0.1556186,-0.007964511,-0.0733533,-0.26614657,-0.017495595,-0.07862589,0.03544653,0.19063395,-0.011038435,-0.05761662,0.4018407,-0.5444428,-0.33326203,-0.1477393,-0.4608882,-0.124878936,0.13758871,0.078679204,-0.51040006,0.0043144184,0.20013736,0.026470454,-0.36744195,0.28104398,0.04354332,0.10006549,0.09863927,0.3365992,-0.09181963,0.21269003,0.2507546,0.16695355,-0.35321072,0.46791527,-0.6635678,-0.31144512,-0.24658349,0.091022424,-0.27795112,0.349093,0.09765148,0.03278756,-0.543907,0.51615083,-0.12322599,-0.0519884,-0.18464455,-0.16599536,0.08744676,-0.47528997,0.1233068,-0.17740528,-0.17885219,-0.02367232,0.10173964,0.53857833,-0.095309265,-0.10604102,-0.1242036,-0.27707398,-0.5429962,-0.14046456,-0.10427272,0.06155359,0.22177215,0.016297542,0.46694463,0.22900692,-0.25016227,-0.22350134,0.09030491,-0.0031062223,0.26875883,-0.19038574,-0.23869778,0.32466736,-0.47221488,-0.46069154,-0.08214169,-0.3068256,-0.21065287,0.543588,0.16182035,-0.03710774,-0.32016635,0.2609765,0.17877844,0.13313134
0.258172,0.16143224,-0.20338266,0.077695966,0.14798139,0.049589824,0.20382863,0.073427394,0.15697329,0.18391159,0.25094765,0.14242049,-0.2683775,-0.30348253,-0.035810515,0.16743024,-0.13591662,-0.27769804,-0.19344863,-0.021285893,0.09550766,-0.040103048,-0.23075835,-0.08918145,-0.3156619,-0.38521415,0.37551612,-0.18996795,0.23666598,0.14678816,-0.12797122,0.10289881,0.17285334,-0.17984085,0.24449594,-0.04396602,-0.25388193,0.15712015,0.3253811,0.25080046,-0.28271165,-0.30478418,-0.55904526,-0.19862151,0.13803922,-0.34949955,0.16330527,0.45586637,-0.14017178,0.06958583,-0.1919225,0.17973432,0.24345292,0.25198856,-0.34759313,0.29757258,-0.38814172,0.042567376,-0.20983689,0.24410523,-0.2386986,-0.13653702,0.055683803,0.39604548,-0.03616474,0.17583928,0.36314815,0.10342416,0.12923697,0.25826573,-0.42774823,-0.16645963,-0.04162774,0.6674807,0.08072854,0.19503905,0.30471674,0.08368652,0.039302677,0.026086258,-0.3454551,0.09624155,-0.27461457,-0.2645503,-0.19719705,0.13654442,0.02839719,0.050739687,-0.4783712,0.25833932,0.08611602,-0.20225942,-0.13130714,0.09973796,-0.3993963,-0.28585887,-0.39467278,-0.24551606,-0.06967989,0.21252242,-0.15878916,0.18700543,-0.38625932,-0.12967983,-0.20859028
0.16960594,-0.2684975,0.19427544,-0.3076514,-0.12940323,0.2652882,-0.12152075,-0.1598511,-0.08605651,0.2751838,-0.05545741,-0.07850103,0.17582116,0.048510425,-0.048003774,-0.052163895,0.09029315,-0.13557994,-0.09678273,0.030059485,0.15054283,0.0064220605,-0.20164964,0.17463695,-0.029912034,-0.19250256,0.1885516,0.30556986,-0.277533,-0.32186478,-0.17831574,-0.2613036,-0.23483443,0.13209376,-0.15141724,0.22055887,0.015373506,0.30186033,0.007737875,0.09833504,-0.32654163,0.2167119,-0.17464036,-0.065447964,-0.21625185,-0.0705246,-0.0012880994,0.06794474,0.15249056,-0.2696922,0.43780643,-0.3991871,-0.30203906,-0.17970273,-0.05285188,-0.110882595,0.040327962,-0.04373929,0.18058847,-0.14305021,0.12977973,0.25214192,-0.023905968,0.150516,0.1445611,0.076330535,0.17193301,0.09124975,0.13364537,-0.16275242,-0.16559899,-0.054399654,0.29505253,0.11095888,-0.27892476,0.113359876,0.07883604,0.15900022,-0.13449232,0.27346513,-0.0271835,-0.44641098,0.13246241,0.15060376,-0.06546634,-0.22037643,-0.05655385,-0.09136237,-0.16143611,-0.13121621,-0.016104609,0.08155229,-0.21364726,-0.06825848,0.13283363,0.1706198,-0.15639636,0.24527772,-0.14795554,-0.02513458,0.34660393,-0.28041515,0.031286187,-0.28142294,0.3493912
-0.64101315,0.5156168,-0.5307431,-0.53628206,-0.34354255,-0.19384904,0.523863,-0.68127555,-0.049939774,0.4435983,-0.5395261,0.4640797,-0.47628978,0.28784394,0.28474587,0.5255565,0.011887394,0.64658666,0.14187677,0.03339062,0.27425048,0.27374712,0.26825726,-0.09751854,-0.018795118,-0.44270742,-0.2655569,-0.16378371,-0.033842012,0.2665659,-0.6083355,0.19860962,-0.39466012,0.18577012,-0.40860626,-0.45153928,0.5120588,0.27602422,-0.27830786,0.24582745,0.55236447,-0.15386745,-0.109635554,0.35592878,0.22259939,0.43095434,0.2873825,0.66382813,0.24437527,0.36797842,-0.3238482,0.025602594,0.6393842,-0.067774355,0.22561711,-0.48140046,-0.122204416,-0.47928116,0.42494282,0.4776386,-0.48807153,-0.1979896,-0.09681336,0.10517419,0.13008523,-0.298766,-0.71769047,0.44460323,-0.30708212,0.19090319,-0.6892538,-0.67085695,-0.035065074,0.58562034,0.26050314,-0.05354415,0.09352969,-0.3819641,0.01843229,-0.52791345,-0.18197146,0.84430563,-0.16386594,0.22509125,0.4701334,-0.18553184,0.81409127,-0.6253685,-0.463112,-0.83554256,0.2215577,0.28887624,-0.015938994,-0.3796126,0.53654516,-0.2947343,0.15645468,-0.00892829,0.5367074,0.59680253,-0.0744742,-0.1283136,-0.058947105,0.4217714,-0.4372933
-0.31757084,0.23139049,-0.4224865,-0.07867864,0.39912093,-0.061159123,0.4427254,0.38561365,0.24978535,0.094212055,0.15473436,-0.09175725,-0.2817267,0.31225812,-0.09991677,0.13015589,-0.11010409,-0.3089408,-0.2032297,0.30944702,0.4085031,-0.48353538,-0.2731689,-0.16983008,-0.21562535,-0.27959788,0.25858158,-0.27631828,0.25972795,0.27953938,0.025681239,0.1899475,0.11213976,-0.4184134,0.303506,0.39353058,-0.31761503,-0.23274764,0.2773451,0.35829362,-0.16674119,-0.3766607,-0.21969657,-0.0016688796,0.07754603,-0.12018873,0.16146825,0.030273844,-0.23221435,0.2377706,-0.26791203,0.23989417,0.28507766,0.38854894,0.3451642,0.10507955,-0.40565544,-0.07379058,-0.23267832,0.33610553,-0.34619218,-0.20534347,-0.11615657,0.30810753,0.19606668,-0.012400932,-0.30189782,-0.15200454,-0.0151921995,0.44645128,-0.6583407,-0.55504787,-0.02137298,0.025106382,0.11871972,0.051808465,0.17497988,-0.13195758,0.26208186,-0.25838488,-0.08140208,-0.13379909,-0.2246661,-0.0027472642,-0.3312043,-0.20585077,-0.17045656,-0.34581092,-0.49708056,-0.16015849,0.14747047,0.37027493,-0.11302281,0.2582102,-0.36639333,-0.41142547,0.038948298,0.097405896,0.0030345807,0.50007963,-0.010709708,0.35572582,0.19862778,-0.83982027,0.33724242
0.38963693,-0.37602,0.37129927,0.38023028,-0.21794112,0.31494072,-0.40554476,-0.4365365,-0.3054857,0.49357572,0.42330393,0.35984823,-0.08158695,-0.55376387,-0.4152708,-0.53058875,-0.34942317,-0.43577918,-0.39763048,-0.42504084,-0.2244954,-0.25259057,-0.4374852,0.44091645,-0.37974647,-0.4215024,0.44617045,0.48178384,0.2372391,-0.4357039,-0.31684375,-0.36282068,-0.5217772,0.48527518,-0.22407332,0.37769425,-0.5059363,0.7470795,0.41250673,0.14244421,-0.4139457,0.09381428,-0.09462145,-0.32101128,0.040155683,-0.5011924,-0.36256626,0.29192364,0.43774846,-0.44885963,0.514134,0.17915495,-0.43758464,-0.45295835,-0.37075126,0.33550957,-0.27087128,0.3617497,-0.24508336,-0.6702986,0.7365893,0.31410006,0.41389522,0.3959592,-0.34959486,0.08412999,0.37394986,0.05191921,0.3970606,-0.4035881,-0.25767013,0.40947184,0.4467818,0.36276823,-0.43645683,0.35579154,0.40712705,0.22692151,-0.500369,0.0788183,-0.358517,0.39394724,0.3935508,-0.46316302,-0.38822865,-0.32968885,-0.5159924,0.3562866,-0.40439832,0.38689896,-0.4017921,-0.39294153,-0.4746202,-0.4499291,-0.31094614,-0.38661274,-0.40496013,-0.316794,-0.43811116,0.035514142,-0.28901362,-0.32924217,-0.3688285,0.06736347,0.57879496
0.5727131,0.21871604,-0.17720763,-0.51168096,0.29591992,-0.4544839,0.46123418,-0.33733606,0.06574414,-0.02667176,-0.1775306,-0.1244244,0.2008634,0.45752317,-0.21066107,0.08759643,0.71697295,-0.41721636,-0.46612605,0.15490621,-0.08060985,-0.6626929,-0.3296642,-0.38330913,0.34602445,0.057833314,-0.30972272,-0.36472735,0.31706518,0.3687963,0.6920571,0.62607735,0.1178844,-0.5268219,0.03448543,0.1311656,-0.20908147,0.45776328,-0.19737196,0.26893893,-0.23620152,0.5733941,0.6309437,-0.62467283,-0.21281375,0.38100138,0.38990298,0.3039026,-0.20814462,0.32773453,-0.3501554,0.33420318,-0.6192069,0.58085805,-0.62745816,-0.5160319,0.54406506,-0.00025783133,0.7109423,0.6379862,-0.6477379,-0.20308354,-0.281958,-0.56700784,0.27169004,0.071204096,0.39300984,-0.32510605,0.24776822,-0.19372024,-0.36585766,-0.08295235,-0.3065886,0.44014263,0.22260794,0.13682878,0.48202017,0.37771252,0.22319305,0.65964,-0.024261383,0.06282196,-0.123121895,0.24527606,-0.40734723,-0.34474924,-0.3321757,0.19046383,-0.0630541,0.6277851,-0.061348166,0.49314427,0.0008125571,0.4643361,0.87793607,-0.6797423,0.5459119,-0.7175456,-0.4279175,-0.7387597,-0.49939796,0.46405172,0.30932668,-0.008769698,0.2607402
1.1485199,1.6862813,-0.7960114,0.8828878,1.1267437,-1.6251006,-1.5239822,-0.15551439,-0.89895284,0.9644522,0.68479556,2.2002196,-0.4535037,-1.0906258,-1.2644712,-4.4310107,-0.31190032,-1.1344988,-0.7972091,-0.80250376,0.6389163,0.046116844,-1.0034504,1.3321227,-0.83868176,-0.72961235,0.84798795,0.5260769,1.8693501,-0.9977761,-0.7573084,-1.2603767,0.31185588,0.80313534,0.94779474,-1.0814065,-0.70760405,-2.6353168,1.0452429,0.8566338,-1.117684,-1.0835018,0.31212303,-0.76394665,-1.8233603,-0.41662937,0.5677597,1.2359654,1.0246686,-1.2206273,-0.43667248,-0.7247939,-0.26873687,-0.23196553,-1.6455516,1.400573,-1.835267,1.3564651,-0.9995339,0.7347325,-0.791213,1.4082874,1.0514296,1.0128793,-1.525125,1.7342433,1.542792,-0.31939697,1.0444103,1.1518799,-0.87923336,0.687901,1.0451052,1.1917413,-1.2377896,1.948959,1.1436399,1.3714414,1.7783376,-1.8089147,-0.6900367,1.5796213,1.7069125,-1.4800693,-0.73943466,1.7249436,0.18651846,1.2201413,-1.0605896,1.4945679,0.09704924,2.3020785,1.4161454,-1.3695245,-1.6791914,-0.26352435,-0.52993065,0.76401854,-0.86473995,0.89762795,-1.360235,1.0146785,-1.0697536,2.9227047,-1.9110926
