-0.20883289,0.1564591,0.11094917,-0.015977623,0.09675616,-0.2085991,-0.09394911,-0.51661485,-0.22121571,0.14586867,-0.3900587,-0.27855828,0.53039837,0.40795344,-0.024353232,0.1543039,-0.16461673,0.27730337,0.34621748,0.031358887,0.17357457,0.056856755,0.405442,-0.20503472,0.29533806,-0.5453851,-0.3162201,0.50109136,-0.058186814,-0.08508604,0.16067743,0.05278681,-0.30384383,-0.19127353,-0.22635484,-0.0053617135,0.34328496,0.33066967,-0.18053247,-0.13899407,-0.06202628,0.562967,-0.3856826,0.1633491,-0.041486602,0.3735413,0.33544254,-0.41682476,0.50883365,0.06746183,0.36879072,-0.42011634,0.31412646,0.41739586,-0.50787634,-0.22850548,0.33990416,0.19767629,0.45960888,0.2651059,-0.31346726,-0.090489425,-0.11938396,-0.22308671,0.26884237,-0.182898,-0.2925161,0.111618176,-0.035528097,-0.08662615,0.29689795,-0.52091056,-0.42257193,-0.32768264,0.056949805,0.07866427,-0.41128987,-0.37256008,-0.27399215,0.38028118,-0.08453346,0.03805013,0.81972104,0.4149949,0.2911975,-0.315937,0.1727538,-0.3946428,0.068354376,-0.54405195,-0.2814321,0.16114478,-0.039645616,0.16466689,0.46635634,-0.0018717969,-0.72954005,0.070776306,-0.2593614,-0.50637805,0.34589073,-0.25131735,0.4335589,-0.2507205,0.06946366
-0.41946852,0.59243506,-0.17093033,-0.61347306,0.29720002,-0.45235413,0.8288274,-0.5867728,0.6134741,0.00477158,-0.25573316,-0.12277232,-0.25428784,0.32750067,0.055757016,0.0010868406,0.10407563,0.6047979,0.41204393,0.09142995,-0.32040897,-0.17839451,-0.040728286,-0.10649076,0.4014055,-0.22469361,-0.20335133,0.56120783,-0.14654236,-0.5405464,-0.46376014,0.014097806,0.1268254,0.6950253,0.5870754,0.030507414,0.12703383,0.18801382,-0.21936093,-0.5190431,0.33477065,-0.18486284,-0.3989519,0.31213412,0.82958823,0.08071431,0.39606237,-0.12276947,-0.11241868,-0.3109151,0.78337103,-0.36434877,1.5439178,-0.62831247,0.5102653,-0.4217045,-0.1289982,0.13585413,-0.65714765,-0.5794548,0.6732526,-0.26788968,-0.0999995,0.17767233,0.08181735,-0.37961158,-0.5415974,0.3628777,-0.48676664,0.064980716,0.13744958,-0.1411025,-0.09190789,-0.2553289,0.15993828,-0.02606226,-0.43033868,-0.6471834,-0.32350782,-0.24162287,-0.21662751,-0.015985588,-0.47219604,-0.08764198,0.45634192,0.4678163,-0.14428215,-0.23546864,-0.10673635,-0.27804923,0.2880573,-0.12591824,0.21517006,-0.15759252,-0.13274199,-0.042292126,0.12846708,-0.56950325,0.53645873,0.5108966,0.07063359,-0.27016786,0.29383802,0.08155062,0.23901105
-0.527425,0.499547,-0.2930316,0.14017609,0.39887822,-0.52722335,0.43788725,0.63587546,-0.3949036,-0.37629682,-0.4926631,0.6358252,-0.33664107,0.30221868,-0.12348599,-0.31701043,-0.640808,-0.16742794,0.4827784,0.034272213,-0.0336333,-0.16555077,0.8830801,-0.37145716,0.16247915,0.35084072,-0.4090591,-0.21829775,0.25231934,0.32653093,0.16996463,0.17739202,-0.42874643,0.17732728,0.5444507,0.021438885,0.12929316,0.20623115,-0.05223041,0.059729196,-0.05656465,0.7628238,-0.4325595,0.23292288,-0.043704595,1.0548959,0.34067997,1.2204758,-0.25667855,0.17352611,-0.2499957,0.3177648,0.6057374,-0.055721644,0.6427897,-0.451417,0.31569466,-0.5162106,0.028297083,0.03829183,-0.05065013,-0.28501508,-0.3688533,-0.39366832,0.30271205,-0.20636016,-0.82806706,0.08136146,-0.25448394,0.62542844,0.5171697,-0.9809504,-0.2773135,-0.42869422,0.42162457,0.29756624,-0.5301056,-0.3484816,-0.1789608,-0.38351056,-0.3456273,0.5647213,-0.2335883,0.26105428,0.6147775,0.6395499,-0.054081067,-0.5106089,-0.18238437,-0.031012937,-0.38067856,0.098649256,0.28946665,0.3772184,-0.4476966,0.12143425,0.4740283,-0.21466929,0.5277509,-0.25326598,-0.18274248,-0.5645035,0.14070077,0.3260441,0.3136642
-0.50408435,0.3910932,-0.51065105,-0.8870493,0.61843693,0.38473907,0.46302322,0.32290864,0.044285964,-0.23723803,-0.046116892,0.34493554,-0.51836586,0.18992873,0.05453073,0.7434238,-0.29572934,0.46542418,-0.3524875,0.10507307,0.00539128,0.34803113,-0.105500676,-0.31072944,-0.2563075,0.13748845,-0.1348711,-0.2454897,0.2778333,0.36335137,-0.84264636,0.23033233,-0.5458093,0.4440085,-0.034294598,0.32600418,-0.23398504,-0.22019832,-0.19763401,0.38087386,-0.39571413,-0.2717848,-0.1588682,0.34024936,0.27309936,0.43694517,-0.28117657,0.5026814,-0.16623743,0.5439297,-0.3427124,0.17590879,0.8038458,0.114689335,0.648815,-0.84476954,0.60982764,-0.79580206,-0.06408985,0.6695498,-0.72935617,-0.21610896,-0.18683225,-0.12567618,0.3733299,-0.51052374,-0.7449187,-0.2902808,-0.2590811,0.6241953,-0.4603455,-0.709763,0.18897738,0.36658296,0.2672264,0.073409274,-0.45856434,-0.46704215,-0.10842489,-0.036043204,0.020446593,0.48633873,-0.052199643,-0.16459793,-0.23754789,-0.116023414,0.3020202,-0.4280147,-0.47906294,-0.4295282,0.27158412,0.1231976,-0.38128895,0.38947383,0.22656603,-0.010425752,0.8126646,-0.20860128,-0.049321588,-0.2773349,0.2307111,-0.65281504,0.120028235,-0.37514782,0.27375272
0.17648162,-0.065988734,-0.62425,-0.021099454,0.42537802,0.06641489,0.28127784,0.27276126,0.27628857,0.06137599,0.17433412,-0.58356285,-0.3119542,-0.06215396,0.27239043,-0.22409204,-0.12968364,-0.20760109,-0.23088992,-0.11554558,-0.13576129,-0.2946587,-0.09981177,-0.16830277,-0.19592923,0.09152509,0.26855808,-0.08226784,0.13620001,-0.0024194382,0.29186383,0.017667808,0.3083115,-0.17830403,0.18216859,0.22240081,-0.16185871,0.15818018,0.13975637,-0.06510346,-0.315878,-0.37192953,-0.29566225,-0.06926538,0.45787334,-0.3944763,0.07568514,0.58797264,-0.18160808,-0.062379815,-0.032766003,0.0784854,-0.14201877,0.212299,0.056450326,0.13888536,-0.16746324,-0.5436689,-0.11467924,-0.36916932,0.38625795,-0.13417277,0.14406568,0.39535296,0.120276086,-0.37517762,0.19799373,-0.34511194,-0.24626161,0.11256488,-0.0792771,0.20472577,-0.2421265,0.013785429,0.041476578,-0.16756004,-0.07637463,-0.5904154,0.1068193,0.26667005,-0.20515962,-0.49555224,-0.11014784,-0.06045478,-0.09485347,0.013943019,-0.28933254,0.22897229,-0.12021682,0.18990038,-0.4017482,-0.24190177,-0.139881,0.07750933,-0.021984551,0.025526967,-0.2727206,-0.3033909,-0.036016267,0.012639867,-0.039845943,0.18747175,-0.12817204,-0.17777222,0.0865554
-0.38083148,0.68539757,-0.2404056,0.16113766,0.40893066,-0.49828535,1.2447299,-0.30738872,-0.06865078,0.2878197,-0.35775155,-0.007001799,0.038432,0.35501698,0.00034006528,0.20622526,0.39762452,-0.07301123,-0.01803314,-0.22567321,-0.0059498698,0.028972566,0.3795232,-0.31776428,-0.14540777,-0.22815038,-0.20807834,0.58406466,-0.13838044,-0.4135785,-0.33667287,0.013325422,-0.35499817,0.636374,0.5382362,-0.43224722,0.10555086,0.5929941,-0.119645126,-0.9359589,0.14365679,0.4050385,-0.3424074,0.051376026,0.540335,-0.06820876,0.6776577,0.018564919,0.3983236,-0.45331347,0.60191387,-0.34160152,0.1785413,-0.4501239,-0.08758995,-0.381413,0.4047988,0.034730088,0.44009474,-0.8814436,0.74029046,-0.2040926,-0.16389547,-0.29294938,0.24308482,-0.257793,-0.67405474,0.2777737,-0.29332614,-0.18540318,0.3419684,-0.28065103,-0.0778381,-0.8159751,0.2901587,0.005023602,-0.45088455,-0.68316406,-0.22586146,-0.123103335,-0.1965891,0.6529509,-0.04751288,-0.08531151,0.4340679,0.17142938,-0.023072707,-0.31485662,-0.11949532,0.25124675,-0.2914948,-0.40729406,0.24712054,-0.24092041,-0.05948126,0.017046057,-0.3396678,-0.7051741,0.46449345,0.31112686,-0.16261798,-0.28792086,0.53790873,0.7733242,0.1869711
-0.27331504,0.41341045,-0.6795315,0.6226759,-0.23444152,0.03588873,0.2954028,0.115512185,0.27131566,0.04884179,0.039731015,-0.04635608,-0.4482552,0.47659546,-0.2925884,0.24545698,-0.4727824,0.3400894,0.32877085,0.24731717,-0.43321425,-0.00025069082,0.32394937,-0.3047762,0.48894998,0.44783843,-0.31078425,-0.2568395,0.21066941,0.3484428,-0.011460232,-0.2516608,-0.10746574,-0.10492721,-0.059453413,-0.43636656,0.15362372,-0.1443262,-0.09060623,-0.010553282,0.036112446,-0.41623074,-0.2714181,0.1976904,0.39609256,-0.17286654,-0.1998721,0.1465592,-0.33527154,0.33161283,-0.2736233,0.23751394,0.39740273,-0.0017263725,0.3457243,-0.22824116,-0.17158341,-0.1861935,-0.25543115,-0.20373961,0.21258305,-0.2827667,-0.12709053,-0.17773522,0.3623418,-0.41774333,-0.64647704,-0.10093298,-0.096462496,-0.0736791,0.30255786,-0.21092826,-0.11736488,-0.091050506,0.37286457,0.18744145,-0.23504092,-0.3084733,0.12097627,-0.33816743,-0.21952388,-0.03311748,0.2824859,-0.035196394,0.2711221,-0.10251415,-0.013859133,-0.26412663,-0.17001243,-0.40372843,0.006684308,0.06057441,-0.14717633,-0.04822636,-0.014412892,0.27369624,-0.31083095,-0.10176472,-0.20201549,0.8141239,-0.08467784,-0.17569853,-0.2708577,0.6149088,-0.4293846
-0.37608016,0.60752666,-0.43938857,-0.61518914,0.18905257,-0.74105227,0.48690686,-0.112418585,0.20025682,0.20067447,-0.78090316,-0.5154422,0.44038555,0.5249714,-0.2530855,0.17686474,0.51919794,0.4829357,-0.033284657,0.41204748,-0.18418537,-0.42708138,0.37079802,-0.29352412,0.53021413,0.9152052,-0.56308687,-0.46992245,0.26740274,0.4661501,0.21674737,0.7006598,0.599891,-0.5532862,-0.17621402,-0.6491022,0.756445,0.484635,-0.21563345,-0.36069107,0.8217148,0.33673653,-0.11607301,-0.546707,-0.036450118,1.0998447,0.42597783,0.84242845,-0.07744776,0.44987756,-0.47472906,0.4378721,-0.048772573,0.3894994,-0.116548344,-0.6551873,0.35883832,0.6804152,0.42547596,0.6030868,-0.6066232,-0.24593376,-0.39971074,-0.7718518,0.32823235,-0.4535406,-0.7155165,0.41504255,-0.72764415,-0.5588618,-0.051057097,-0.5921164,-0.5857918,0.46977714,0.47358686,-0.33529997,0.018039118,0.8177859,0.3840172,-0.1878398,-0.085508116,0.6761586,-0.69329596,0.4738115,0.65150946,1.3056198,0.7258398,-0.31036353,-0.17573647,-0.24641877,0.15581581,0.57622135,0.603004,0.07177769,0.8785956,0.38898653,0.608402,-0.8408434,-0.17333442,-0.6873697,-0.61309433,0.79128087,0.15093184,0.9478129,-0.5706004
-0.37989157,0.016056443,-0.6404816,0.23839399,0.06853658,0.37305647,0.49464107,0.63461226,0.22873163,-0.16291556,0.34765393,0.23158489,-0.510607,0.114712596,-0.22984692,0.49495348,-0.11748884,-0.25352877,-0.53443533,0.3579267,0.25550506,0.33659616,-0.39325988,-0.28294927,-0.5475983,0.22551669,0.39272854,-0.38429138,0.39260194,0.42101967,-0.32559702,0.15777221,-0.22481467,-0.16386142,0.36590186,0.23234145,-0.49692205,-0.3658001,0.21572725,0.5219501,-0.29852244,-0.5054452,0.0138837565,-0.021301296,0.35176468,0.117530696,-0.15285368,-0.49888492,-0.31287628,0.42754543,-0.40942672,0.34897226,0.3175082,0.39635977,0.35680914,0.39154536,-0.29406944,-0.331116,-0.35978892,0.59421355,-0.63883287,-0.3093656,-0.22096841,0.54905045,0.33573985,-0.089039065,-0.3496792,-0.5054026,0.13961272,0.622503,-0.13926464,-0.4607128,0.03880705,-0.11377461,0.3969446,0.3160373,0.61951655,-0.001461216,0.09819321,-0.39307415,-0.23902802,-0.05664201,-0.3395222,-0.08741645,-0.6931657,0.017275507,-0.25388482,-0.1897837,-0.48787302,0.032792304,0.2224345,0.26851326,-0.39017776,0.31784493,-0.6237575,-0.6671309,0.320904,0.08559,-0.05346907,0.43524775,-0.038117252,0.11581066,-0.09040967,-0.53927016,-0.17953044
0.13487326,0.13506618,-0.08711421,0.022458596,0.12169806,-0.14108153,-0.030193113,0.32055658,-0.018328572,0.1833199,0.11296212,-0.00847658,-0.10309489,-0.012580768,0.028438274,-0.38393325,0.2502977,-0.100854635,-0.130963,0.2076965,-0.087534815,-0.060008004,-0.17327021,0.10306981,-0.13597183,-0.09081239,0.11053568,0.2238104,0.05428022,-0.30577403,-0.14276001,-0.23839162,-0.2682485,-0.16569002,0.05191824,-0.14041014,-0.12788057,0.25772792,0.16519363,0.021877054,-0.20747231,-0.14955972,0.00316916,-0.12859774,-0.08346673,-0.123886324,0.13139732,0.4036867,0.11977939,-0.23745275,0.3621634,-0.18912905,-0.36036098,-0.048986908,-0.1246368,0.18334064,-0.2891251,0.062475715,-0.022634508,0.032755055,-0.07882363,0.12627012,0.06362662,0.12148428,-0.07673356,0.13695756,0.12059846,-0.14552325,0.06860206,0.037409235,-0.17346255,-0.022046374,0.12336477,0.10780883,-0.17714392,0.13900931,0.041425917,0.22045018,0.2744876,0.15707615,0.2162214,-0.036850438,0.1713306,-0.022341585,-0.1053169,-0.24888112,0.031001782,0.22341567,-0.331403,0.27026564,-0.07750174,0.10286386,0.111308746,-0.14444236,-0.21156223,0.25722176,-0.21147978,0.095157884,-0.028001036,0.012500659,0.107390136,-0.018441873,0.25391454,0.19858156,-0.07680661
0.45548737,-0.62873775,-0.06353086,0.2614217,0.022860697,0.47292838,-0.36423662,-0.2873137,0.036037836,0.77763003,0.23420548,-0.69789505,0.12765008,0.44774956,-0.2532009,-0.18563978,0.20718953,-0.2130146,-0.32567295,0.17174661,0.15558176,0.17224093,-0.30947554,0.3217404,-0.1992688,-0.37616754,0.23637749,0.2333861,-0.13385718,-0.43741837,-0.27934885,-0.104311645,-0.6346433,0.26610288,-0.14709245,-0.36309496,-0.33135688,0.2599207,0.43641183,0.19736321,0.29268566,-0.16037378,-0.24817619,-0.3109715,0.19437489,-0.165416,-0.3933596,-0.5913017,0.2684881,-0.5198682,0.1801623,0.20627026,-0.33455068,-0.42469937,-0.2028565,0.2765859,-0.26844797,0.24214895,-0.13046113,-0.40591276,0.3848404,-0.0034624683,0.22108792,0.26980147,0.23913388,-0.04555287,0.37602586,0.17886867,0.3031312,-0.5598529,0.4167431,0.021201154,-0.375331,-0.27146408,0.33057266,-0.44988889,0.25721288,0.37821278,-0.1580233,-0.12231618,-0.06807762,-0.6041039,0.12031465,0.011766237,-0.3909263,0.09350805,-0.19766098,-0.13304308,-0.5003969,-0.16786942,-0.17314067,0.10231756,0.10937083,-0.2880624,-0.014003798,-0.14156735,-0.35438958,0.005045912,-0.28526512,0.18834673,0.06891691,0.2823042,-0.034907717,0.28694355,-0.053225227
0.047036067,0.43687087,-0.31833234,-0.11405088,0.5419578,-0.25030658,0.36733696,0.6175217,-0.6134585,0.060724385,-0.52169305,-0.35427746,-0.0636327,0.26523703,0.10416507,0.37341043,0.62670255,-0.15661865,-0.15688781,0.1675218,0.2627415,-0.4913315,-0.24668255,-0.24104604,-0.16882095,-0.17918423,0.20645809,-0.26213655,0.3358824,0.24614576,0.83326966,0.35954392,0.18674903,-0.63530767,0.4941018,-0.45155397,-0.052857753,0.3647255,-0.036312956,0.23188598,-0.051441874,-0.015637707,0.6175704,-0.4777944,-0.1713066,0.32732528,0.6034601,-0.30617428,0.045791943,0.3366548,-0.2891504,0.15008816,0.013655782,0.57543343,-0.38593134,0.1436855,0.13418408,0.18960088,0.37694436,0.5248738,-0.55250937,0.0045859325,-0.54619354,-0.0704795,0.21138033,0.5563818,-0.13140142,-0.110129945,0.21117394,0.49673408,-0.49262965,-0.23679237,-0.0796495,-0.0049610687,0.16518857,-0.19177629,0.07363322,0.7690005,0.51322526,0.27664736,0.2733736,0.20328258,-0.5100467,0.7493526,-0.53500783,-0.3856012,0.47736144,0.0097646415,-0.07233882,0.7393624,0.4554022,0.3165633,0.5345393,0.49719137,-0.062843606,-0.08077556,0.21631798,-0.0003751544,-0.29597983,-0.15185526,-0.44595736,0.14816128,0.607973,-0.47502357,-0.5818238
-0.32202733,0.466454,-0.06775413,-0.16151558,0.15759017,-0.37372112,0.07900159,0.543481,-0.14029661,0.21926445,-0.17050445,0.047259282,0.070146225,0.27121365,0.19331743,0.19714323,0.24158564,0.045997392,-0.2459747,-0.61547995,-0.36405358,0.027235184,0.030723762,-0.19945426,-0.35819283,0.024571938,-0.07954182,0.6841356,-0.09442565,-0.50187993,-0.26771042,-0.41203114,-0.3125975,0.2805383,0.4497432,-0.36837795,-0.17272256,0.616168,0.48543337,-0.667271,-0.13109522,0.42590398,-0.28896734,-0.039501235,0.7646597,-0.09129686,0.4837041,0.12808627,0.34067535,-0.3817776,0.6400442,-0.611363,0.20609787,-0.5443551,-0.00016868055,-0.12666322,0.5562609,-0.25177264,0.20085643,-0.48880166,0.37975588,-0.1331196,-0.1889036,-0.08237776,0.2687871,-0.24776426,-0.4947024,0.07588553,-0.30195406,-0.19312973,0.17734762,-0.026646992,0.19843923,-0.44783095,0.32854035,0.095396936,-0.45919216,-0.37824076,-0.13445102,0.05491441,-0.06069091,0.3761048,-0.27805597,-0.04947096,0.2653835,-0.106572695,0.14752436,-0.14693654,-0.15424426,0.2936597,-0.11687138,-0.5763788,0.29871064,-0.05882169,-0.1506759,0.28982264,-0.12623954,-0.018506981,0.26724598,0.12537017,-0.17559879,-0.41571298,0.3705548,0.43590078,0.07924738
-0.49884978,0.5095891,-0.018647557,0.021059165,0.4462822,-0.56679267,0.40155414,0.30616963,-0.19514707,-0.16822691,-0.72362584,0.11857358,0.61215603,0.4858381,-0.27502385,-0.5918197,0.13342434,0.22388113,0.32040852,0.36440718,0.07623582,-0.23463194,0.7580323,-0.3009285,0.38091123,0.801868,-0.46699643,-0.3195518,0.24103828,0.35117236,0.27980438,0.48874903,-0.21269527,-0.3030553,0.4802265,-0.15097307,0.15758547,0.3049869,-0.18093014,-0.4447053,0.5558028,0.405308,-0.39478925,0.2633963,-0.3341936,0.16483541,0.271792,0.5756223,-0.1740359,0.21248949,-0.32488936,0.3598521,-0.5584659,0.108631246,0.6508389,-0.533028,0.211685,-0.026218705,0.11899082,0.43820634,-0.46753415,-0.2689856,-0.3397,-0.5699138,0.3468077,-0.37404805,-0.8011144,0.33343855,-0.5098404,0.39730674,0.520527,-0.95894474,-0.51977575,-0.508919,0.4614913,0.06950852,-0.57684076,-0.39026797,-0.11858817,-0.32309166,-0.24475087,0.51196706,-0.5379326,0.11988207,0.6187125,1.077184,-0.13801962,-0.509792,-0.24338605,0.05022981,-0.32013875,0.54139143,0.11438936,0.34837323,-0.03265421,0.07991668,0.51839,-0.44692877,0.038396675,-0.40302855,-0.28683212,0.24797373,0.29023677,0.9853719,0.19951467
0.5955447,-0.3879392,0.44535968,-0.5082068,-0.3864239,0.47307745,-0.68534553,-0.36273274,-0.26308802,-0.036373835,0.7608792,-0.13251476,0.40538332,-0.13919032,-0.0815526,-0.043695036,0.0059201727,-0.15537684,-0.2590676,-0.6956869,-0.34468076,-0.5350043,0.029909784,0.005458808,-0.3328235,-0.42177662,0.02751671,0.86415994,0.032597143,-0.84866786,-0.2425997,-0.7406718,0.35416174,-0.2230346,-0.31568325,0.3870257,0.44146296,0.5373954,-0.35318795,-0.49715567,-0.07056141,0.21566942,-0.01344152,0.038000394,-0.18573132,-0.48195538,-0.26931903,0.20487742,0.009348227,-0.7139259,0.99237865,-0.39235628,0.16359977,-0.3189054,-0.5868708,0.34728578,-0.3424994,-0.3612513,0.3978849,-0.8112307,0.7766733,-0.14926594,-0.16478369,0.06173773,-0.042401932,-0.29509267,0.59136635,0.22590017,-0.03457717,-0.42802694,0.1478233,0.5862055,-0.22109745,0.45891067,-0.6353293,0.31640866,0.4559115,0.34524283,-0.33381724,0.33151287,-0.34423622,-0.31821465,0.24131215,-0.3183381,-0.6310583,-0.286047,-0.48745227,0.52510846,-0.057651214,0.012389274,0.07192258,-0.68565506,-0.43383902,-0.17119886,0.37792507,0.013366226,-0.48563525,-0.6407837,-0.25662798,0.041113183,0.02250228,-0.1757078,-0.39655653,-0.7637119,0.12767464
-0.28896087,-0.028716035,-0.30452454,-0.43675217,0.36752856,-0.09142562,0.493023,-0.13175628,0.11148569,-0.3401998,-0.4029083,0.031648416,-0.31652492,0.42947108,-0.14371945,0.4013436,0.43289652,0.28210476,-0.4538842,0.26413447,0.09312946,-0.09521269,-0.43744445,-0.34232482,-0.15350614,0.5369736,-0.25013283,-0.34251833,0.3059194,0.43573847,0.19217156,0.38097337,-0.13836646,-0.20410259,0.13316782,0.29856446,-0.16746077,-0.58811766,-0.30895075,0.3956958,-0.18300255,-0.2309564,0.42450482,0.07421596,-0.0651002,0.28851148,0.23607793,0.29527894,-0.22154877,0.5482211,-0.39111617,0.2969811,0.017448392,0.41987577,0.48124874,-0.39333197,0.2525855,-0.47045654,0.024955632,0.75299835,-0.79821825,-0.26486164,-0.28703484,-0.38901502,0.2935453,-0.17841086,-0.43693316,-0.3704815,-0.11023604,0.51387423,-0.45799297,-0.4904559,-0.1142467,-0.09289744,0.2890446,-0.013697475,-0.0061917077,-0.022716258,0.22305156,-0.060815353,-0.031790577,-0.11062295,-0.015145697,0.1600945,-0.49935678,-0.15012829,0.1771536,-0.31163046,-0.092597164,0.15325274,0.18560536,0.29681876,-0.33840987,0.44577035,0.2774195,-0.5331463,0.7233033,-0.3648612,-0.2746114,-0.37563464,-0.055038705,0.2289559,0.20810366,-0.8694412,0.073169135
-0.06973671,0.12803401,-0.22903177,0.117416166,0.6115203,-0.4342262,-0.67321813,0.22195843,0.17734283,0.37528244,0.053267635,-0.00755642,-0.46396086,0.08609596,-0.090516366,-0.3565945,-0.28634387,-0.55426633,-0.16942085,-0.26441067,0.02486274,-0.058954086,0.06100752,-0.1824422,-0.43961093,-0.21254118,0.20248452,0.81969017,-0.16376577,-0.6441546,0.05363084,-0.0805514,-0.4232155,0.6793545,0.46326095,0.33466867,-0.58879405,0.7335593,0.32284915,0.28327912,-0.3828901,-0.28627604,-0.70790875,0.04837857,0.80738914,-0.22151034,0.69893575,0.15817879,-0.019221611,-0.423302,0.739781,-0.87485695,0.17065671,-0.41223282,0.31924185,-0.010750435,0.601702,-0.087117106,0.12761034,-0.35911238,0.3899379,-0.24123614,0.09519126,0.5916008,0.18115965,-0.6383583,-0.2641828,-0.11837023,-0.036709175,0.079108335,-0.26099047,-0.030106891,0.27575684,-0.34389082,-0.06776665,0.11313128,-0.677108,-0.7835191,-0.45660323,-0.01680599,-0.052491553,0.054460604,-0.3423175,-0.3160448,-0.13996936,0.117797196,-0.39166504,-0.13632128,-0.61446553,-0.01917263,0.082026415,-0.22958618,-0.009176733,-0.14775638,-0.16218348,-0.19798909,-0.29463446,0.02832627,0.46692628,0.89889115,0.2802256,0.032998137,0.24697451,-0.3186115,0.60680854
-0.49773002,0.5930954,-0.1680884,-0.3116897,-0.115219764,-0.3886382,0.65976256,-0.455651,0.70758384,-0.009202772,-0.3647623,0.05886139,-0.1687892,0.35026163,-0.2342913,-0.55937314,0.26768848,0.28538626,0.54288054,0.2310586,-0.27176023,0.31014007,0.320924,-0.048907034,0.3316077,-0.6244636,-0.30207777,0.5959496,-0.8911917,-0.3928167,-0.83844525,0.57357895,0.15201013,1.2273687,-0.016567416,-0.3623858,0.31617174,0.021310436,-0.24947605,-0.3088549,0.6346738,0.01802447,-0.23446849,0.32899636,0.6960703,0.65276945,0.104452424,0.28868923,0.55046684,-0.23328695,0.6781391,-0.7112203,0.14570633,-0.64101845,0.26685968,-0.40967825,0.59633756,0.19035679,0.2173264,-0.74309224,0.737839,-0.25916475,-0.11698755,-0.12726602,-0.056753088,-0.17692329,-0.6118897,0.3140586,-0.21933961,-0.19106977,0.14047809,-0.85018367,-0.24652648,0.26682204,0.2364157,-0.06737303,-0.3567449,-0.94625837,-0.42067316,-0.33106285,-0.09405517,-0.11867519,-0.6462273,0.5941929,0.4340706,-0.18940361,-0.23331016,-0.3008685,0.3315304,-0.9104632,0.13628498,0.4620276,0.31714565,-0.7093812,-0.109992325,-0.17784253,-0.103652485,-0.5539322,0.8079399,0.36190307,0.5100286,-0.2595254,0.33728334,0.46065655,0.31342506
0.14865148,0.5419015,-0.31641388,-0.12919079,0.33205456,-0.42240745,0.06418273,0.9005189,0.13651882,0.20078239,0.23747812,-0.041115575,-0.2501024,-0.5158026,0.18996157,0.3082748,0.42575735,-0.2616456,-0.24967393,-0.46337497,-0.13659777,-0.3277196,-0.14732385,-0.17859814,-0.36665905,0.08411299,0.40356648,-0.16991934,0.25333434,0.06757755,-0.34282258,0.2984387,0.33719745,-0.31389272,0.34439075,-0.44497555,-0.08108833,0.5372908,0.15246329,-0.03280852,0.076000735,-0.1984062,-0.63547736,-0.3564671,0.35854962,-0.23322186,0.41966838,0.42955464,-0.11288911,0.04019906,-0.18027125,0.12214934,0.4333307,0.28330368,-0.44983655,0.39387706,-0.18434466,-0.005802568,-0.14913324,0.24062547,-0.25362632,-0.08707249,-0.1486937,0.41539592,-0.08491067,-0.114680044,0.51804906,0.26575437,-0.6920036,0.20281605,-0.38494295,0.25332522,-0.26881114,0.5474038,0.15567015,-0.15817624,0.33971325,0.14995188,0.089736626,0.36985648,-0.36003596,0.36961794,-0.5246568,-0.22588913,-0.15507707,0.3433061,0.27176276,0.44205302,-0.3784647,0.35530892,0.23014143,-0.67459583,0.2595678,-0.021295544,-0.27544987,-0.19253847,-0.58546555,-0.589421,-0.071076766,-0.06653653,-0.30007327,0.15748835,-0.15350576,0.40662,-0.6189764
0.4311836,0.29628018,0.09905652,-0.602339,-0.3511547,-0.21630001,-0.4482474,-0.18145096,0.0072559947,0.4687173,-0.34373876,-0.0468108,0.44799966,0.6813564,-0.2799671,0.1799777,0.25433114,-0.1449501,-0.22428659,0.22349872,-0.012623086,0.37610757,-0.23622674,0.31133226,-0.42273048,-0.4678893,0.09778599,0.52092916,-0.27420512,-0.6566831,-0.2553496,-0.09483539,0.029333727,0.20663671,-0.46194017,-0.1256867,0.38706166,0.21135117,-0.2798644,0.16383646,0.24560702,0.25999233,-0.18742095,-0.026632186,0.44631103,-0.096856534,0.030427013,0.25141698,0.36428848,-0.40231237,0.679575,-0.5640341,-0.17196962,-0.2945293,-0.5422585,0.03132715,0.54982,0.2311252,0.5261161,0.18935794,-0.20863679,0.14869475,0.20862816,0.28274924,-0.109147444,0.23259348,-0.14135581,0.24374793,0.30774224,-0.40788326,-0.20728463,-0.23333296,0.1525658,0.59066206,-0.2978728,-0.016744763,0.3759547,0.065013714,-0.84196275,-0.13636503,-0.3280085,-0.10282444,0.08373538,0.13508521,0.33197084,-0.45979697,0.028523803,-0.47764498,-0.38674748,-0.07355596,0.004034151,0.28092566,0.05063129,-0.34464318,0.4867048,0.25173953,-0.57322955,-0.50241345,0.021605184,0.21499978,0.5537175,-0.02006885,0.42672923,0.1550673,-0.38313437
-0.20006415,0.39446655,-0.5685019,-0.70695215,-0.6577543,0.62067866,0.6811956,0.80685556,0.82930046,-0.26543227,-0.5277118,-0.6981443,-0.4652853,0.17248945,0.3221469,0.5110879,-0.13875236,1.1538025,0.84054124,0.22674507,-0.3240332,-0.20036599,0.53120476,-0.2427047,0.5913807,0.46443135,-0.36987668,-0.4362337,0.25618824,0.5024198,-0.20515558,0.2664197,0.96160483,-0.54706186,-0.48327872,-0.6835841,0.836891,0.04409078,-0.55417204,0.111614086,0.6467225,-0.55382293,0.111086234,0.3283438,0.45500797,0.95308405,0.33086795,-0.18515413,-0.3319012,0.64373857,-0.46299434,0.16597824,0.6617459,0.61816156,-0.16358355,-0.13042948,-0.9697312,-0.6721021,0.38675958,0.48889208,-0.506687,-0.2575938,-0.032170605,0.33466676,0.17663424,-0.3403544,-0.3689463,0.34876242,-0.6001269,-0.24195834,-0.67400515,-0.5766649,-0.5708864,0.41764995,0.1928368,-0.36832038,-0.059121545,-0.411978,0.7335559,0.65055275,-0.108118206,-0.78483135,-0.40002334,0.64137155,0.49620324,-0.31541127,0.7388225,-0.021766432,0.75551367,-0.9738334,0.47845435,-0.023848977,-0.34088516,-0.25101942,0.7817558,-0.2774237,-0.033816442,-0.05033299,0.29056647,-0.031723984,-0.27487427,-0.010356847,-0.42804357,-0.4682133,-0.720952
-0.4700947,0.16204464,0.07181719,-0.8545056,0.38359785,-0.23635434,0.8135735,0.9064188,0.51999635,-0.3430551,-0.10470702,-0.4680639,-0.5091616,0.39117673,0.6192173,0.5401583,0.45194295,1.017532,-0.32320082,-0.5581627,0.35401753,0.14289871,0.00397518,-0.31824476,-0.82210386,-0.22040625,0.08701568,0.36189178,0.30336884,-0.47046286,-0.28636995,0.4329676,0.26026335,0.6111777,0.61766636,0.5676078,-0.23329765,0.34610164,-0.85267776,-0.2671408,-0.56528175,0.21473551,-0.36372614,0.062794544,0.21589868,0.4313199,0.24038564,-0.5571322,-0.04554705,-0.31446767,0.45461452,-0.2541173,1.0305743,0.46473357,0.31359217,-0.27245232,-0.07877451,-0.48982993,-0.10183287,-0.18268457,0.09246899,-0.18130773,-0.024995312,0.5447203,0.075263865,-0.27340108,0.010070614,-0.2173361,-0.5667153,0.56855124,0.24461715,0.07933509,-0.27841485,-0.37217292,0.053923108,-0.29719782,-0.46667624,-0.78725016,-0.4172762,0.19867899,-0.586625,-0.40962198,-0.6234494,-0.36925566,0.44104275,0.6610179,-0.19052127,-0.26982027,-0.0791318,0.21154991,0.0067531858,-0.78616893,-0.0056466646,0.3330267,0.08513172,-0.38337588,0.0024436924,-1.1370635,-0.20650966,-0.644691,0.5138974,-0.37487167,0.48278195,-0.38949266,0.3632379
0.5214717,0.20460814,-0.31023157,0.5155245,0.41230297,-0.35023654,-0.65608984,-0.70070094,-0.45871994,0.59012127,0.6020293,0.58420473,-0.6363266,-0.86767024,-0.16119725,-1.0436746,-0.021450648,-0.6172487,-0.40348795,-0.3585448,0.83190775,0.6522787,-0.56572133,0.54345614,-0.5451793,-0.44314796,0.58293307,0.5453247,-0.115680195,-0.55521375,-0.43877566,-0.41297993,-0.40324643,0.14316235,0.5880005,0.49485844,-0.653662,0.151653,0.52936083,0.55770624,-0.50094634,-0.65988296,-0.23022251,-0.44923025,0.69317836,-0.70341194,0.45511356,0.025062287,0.4667005,-0.5485872,0.8357359,-0.35697377,-0.6782787,-0.72908276,-0.46477404,0.48402783,-0.8766836,0.50933313,-0.53518504,-0.039229166,0.036108285,0.54098976,0.53646433,0.5054719,-0.4425343,0.34330666,0.54882336,0.17129359,0.5460819,0.57980233,-0.43743423,0.077578716,0.51082784,0.379233,-0.83482313,0.44180846,0.54154766,0.43493804,0.15039933,-0.2353241,-0.3481781,0.5730384,-0.09503759,-0.5939318,-0.55116934,0.31504545,-0.31141874,0.6115242,-0.593845,0.29986998,-0.7041463,-0.021874705,0.16665271,-0.47672093,-0.65977246,-0.82424134,-0.32040957,0.8458332,0.45833567,0.5633181,-0.595067,0.68537575,-0.5840128,-0.12058814,-0.27320644
0.5800146,0.63169545,-0.5753292,-0.6223963,0.12407307,-0.2931624,0.6012808,-0.5571859,-0.15129772,0.11486034,-0.7437966,0.13204893,-0.30556628,0.43316332,-0.18604614,0.42292884,0.9424038,-0.36650798,-0.44186845,0.41840395,0.5987893,-0.32792336,-0.403445,-0.37566015,-0.032378968,0.052254982,-0.42065758,-0.5049756,0.354576,0.5646964,0.6223513,0.66325,0.29822874,-0.6530608,-0.8761664,-0.7014209,0.2439129,0.34160537,-0.5367968,0.48285154,0.1547684,-0.15948561,1.123815,-0.76835227,0.027720902,0.72093004,0.8096796,0.406939,-0.16594288,0.60539615,-0.53038746,0.42846093,-0.3151969,0.66127145,-0.7840803,-0.41497713,0.49489647,-0.17406923,0.8193531,0.8038201,-0.8203287,-0.16740939,-0.42271456,-0.6096433,0.18847586,0.44959593,-0.26068392,-0.2138422,0.5548501,0.25755006,-0.820498,-0.6061544,-0.30608058,0.7591929,0.2663379,-0.41077664,0.7553716,1.0060724,0.69907933,0.2271398,0.38935384,0.5994949,-0.25673974,0.8504583,-0.4542599,-0.56807965,0.2102576,0.13001072,0.088924676,0.515411,0.239753,0.702983,0.5026033,0.47783703,0.6040638,-0.31417325,0.45420298,-0.56459254,-0.27947813,-0.66960275,-0.46272904,0.4940988,0.58481836,0.30737603,-0.72980225
1.4067479,2.7887826,-0.9722663,1.0931255,1.26865,-1.5473202,-1.8812433,0.22164488,-1.3222382,1.404465,1.0623451,2.330512,-0.8184002,-1.8361202,0.19086598,-6.083764,0.45211717,-1.4409763,-0.92104876,-0.21462975,1.8939556,0.4781613,-1.2489927,1.614822,-1.0803951,-1.1953064,1.2065895,0.4152249,1.8725544,-1.104393,-0.97766596,-1.3890132,1.1288259,-0.6550775,1.2551715,-0.06992526,-1.0808536,-2.2186346,1.2621435,1.211236,-1.2607634,-1.4562756,-0.55058455,-1.006392,-1.1677873,-0.9562969,0.9383434,0.93079036,1.1320899,-1.4454327,-0.8909486,-0.764828,-0.69336957,-0.22959816,-1.6739722,1.498859,-2.402003,1.4526799,-1.1604971,0.49571732,-0.58015245,1.6468949,1.2687469,1.2198973,-1.5457455,1.7233328,1.656003,0.47509944,1.2522905,1.538067,-1.1265035,-1.7573003,1.2075917,1.3980833,-1.9368297,1.7494024,1.413061,1.7361181,1.625129,-1.7055075,-0.41951936,1.7959223,0.8071719,-1.4178745,-1.0383813,3.0201457,-0.34728473,1.5753385,-1.7866805,1.1092123,0.38455588,2.179498,1.4910465,-1.5201449,-2.1047497,-0.78052187,-0.5556835,1.2241958,-1.4033469,1.2501137,-1.2256067,1.3737446,-1.4247553,2.3360333,-1.8765794
