-0.2779108,0.22883962,-0.1727576,-0.12972592,-0.10190514,-0.12691462,0.3659856,-0.13076766,0.23804107,0.08379969,-0.15121676,-0.07778638,0.0709575,0.2170544,0.02150667,0.14996839,0.1641217,0.14766094,0.14419238,0.105075166,0.09148392,0.23144935,0.08507018,-0.24156831,0.09363226,-0.14961253,-0.13659526,0.346581,-0.27394643,-0.33560336,-0.15358323,0.047449138,0.04298336,-0.07324421,-0.085434526,0.009883721,0.11340343,0.22572544,-0.16725007,-0.110335894,-0.03147628,0.08446608,0.15581554,0.15470986,0.34090447,0.18333225,0.0924753,-0.14418133,0.16622846,-0.04723932,0.11489036,-0.4266191,0.20384459,0.27822223,-0.20824449,-0.19802898,0.46643916,-0.06110181,0.16017713,0.0947427,-0.0857183,-0.15606587,-0.05127792,-0.090145744,-0.01960492,0.12881257,-0.1963419,0.08239907,-0.13670489,-0.095990606,-0.13726696,-0.1685614,-0.012833665,-0.06167983,-0.1681792,-0.11084556,-0.2798238,-0.39080772,-0.23130229,0.08108618,-0.18861356,-0.053580314,0.06441201,0.10208897,0.19774868,-0.22825755,-0.017961865,-0.16431229,-0.05883405,-0.015547223,0.17780812,0.12810026,0.1706257,-0.17188355,0.0987519,0.16169408,-0.29184613,-0.28631592,0.009265517,-0.027769802,0.2469606,-0.11846926,0.2633362,-0.03562538,0.15840644
-0.35485312,-0.03342132,0.20094861,-0.40471554,0.15772805,-0.2032128,0.54882467,0.002043399,0.21607053,-0.08775623,0.13413207,0.20096186,-0.26278672,0.0644121,-0.12080604,-0.6012268,0.32417879,-0.05523675,-0.13230827,0.14831372,-0.098182656,-0.21755628,-0.17486702,0.26507792,-0.06902807,-0.3985254,0.14418784,0.54348075,-0.5460671,-0.49088126,-0.24579689,-0.23937148,-0.023997879,0.3065466,0.27739823,0.2971627,-0.23763862,-0.20779018,-0.10660702,-0.55441093,-0.2944094,-0.054141335,0.013083911,0.23821175,0.002117875,-0.20934756,-0.038078357,0.25209895,0.111564845,-0.47027114,0.58248943,-0.56963736,-0.36396113,-0.33828655,0.29428503,-0.37792563,0.033846896,-0.23685965,-0.2533166,-0.61656,0.6103098,-0.113489516,0.021547515,0.28982136,-0.57911235,0.0411032,0.11699536,0.016659992,-0.2507704,-0.12156631,-0.37675324,0.30210438,0.32203558,-0.21311574,-0.47234786,-0.15289111,-0.40723848,-0.3279441,-0.29701754,-0.30541784,-0.09990996,-0.12101724,-0.04353072,-0.005157586,0.3246432,-0.281568,-0.35462347,-0.14384523,-0.20407225,-0.06713485,-0.17056015,-0.0630239,0.25584275,-0.03217484,-0.44113097,0.404987,0.10311401,-0.34167087,0.51622117,0.07554336,0.43896174,-0.15354338,0.07997914,-0.34962496,0.37831804
-0.21206217,-0.00690512,-0.3309212,0.41869265,-0.17579839,-0.02191322,0.5390255,-0.05874747,0.0504312,-0.22825935,0.025111262,0.5160352,-0.38697645,0.2829613,-0.25322595,0.32064235,-0.31945753,-0.19717811,0.14925297,0.19938482,-0.21217504,-0.26894134,0.6304087,-0.35513917,0.009329925,0.062356647,-0.36352617,-0.26601827,0.26961112,0.29947042,-0.112118594,0.019266227,-0.09504187,-0.15813838,0.09777244,-0.05433589,0.16665715,-0.08472981,-0.13342416,0.1546733,-0.046772666,-0.0074024135,-0.34351212,0.19637455,0.25347814,0.014865359,-0.09111128,0.7123881,-0.28777355,0.24603891,-0.29121348,0.2719198,0.4461471,0.2617615,0.2236227,0.3013261,-0.4014742,-0.23090746,-0.19159248,0.069848016,-0.053628217,-0.30164263,-0.28778842,-0.16781886,0.27493712,-0.24916682,-0.24585186,0.22869766,-0.11241431,0.0431564,0.3354395,-0.34033614,-0.24751498,-0.015838305,0.256618,0.33754286,-0.127978,-0.023791725,-0.10440174,-0.27609906,-0.3727533,-0.14350761,0.38877943,-0.19202422,0.3801361,-0.16844395,0.0042450204,-0.47707057,0.019840732,-0.13255647,0.27902997,-0.032456916,-0.09333057,0.23401636,-0.43255088,-0.060415667,-0.12442573,0.14749849,-0.08415742,0.09463211,-0.39493763,-0.18008597,-0.2528028,0.24392743,0.28786743
-0.38972315,0.17101365,-0.71215075,-0.71906304,0.27172145,-0.19185734,0.5180046,0.05472384,0.33059236,0.0701459,0.09644055,0.19901474,-0.3570001,0.2850014,0.05356422,-0.2619962,-0.46740583,0.1181892,-0.019462716,0.28619608,-0.15452977,-0.6437841,-0.305213,-0.15778214,-0.035580024,0.35261974,0.02846742,-0.17685091,0.19260506,0.16731323,-0.21430443,-0.029518865,0.023396924,0.17172521,0.28002793,0.39840078,-0.24586268,-0.4100386,0.22435175,0.25886604,-0.46645585,-0.4758644,-0.26070213,0.49524003,0.22888602,-0.22539048,-0.096023455,0.41381127,-0.19325794,0.16764046,-0.19458309,0.122783415,0.5227374,0.31128624,0.26341632,0.19179656,-0.3340616,-0.45287564,-0.3115103,0.3540945,-0.3486717,-0.17171969,0.00048171164,0.4674978,-0.014346757,0.008474956,-0.23218931,-0.27499807,-0.27983186,0.38705376,-0.64652276,-0.48444587,0.21961176,0.034966197,0.05828473,0.04887404,-0.33320993,-0.58164865,0.1117871,-0.18010947,-0.14837743,0.14539903,0.20910166,-0.21362041,0.16537926,-0.21760683,-0.29401734,-0.25094482,-0.32937634,-0.093507044,-0.10153231,0.038815506,-0.09585219,0.14632994,-0.46708384,0.0459576,0.29269502,-0.06809938,0.17459828,0.28079283,0.33782727,-0.024997085,-0.35083783,-0.52324843,0.26606056
0.019080617,-0.056656335,-0.037856493,0.0007519662,-0.034807917,0.09032831,0.07799349,-0.14719729,0.15928532,0.11054693,0.19315456,0.12723862,-0.19810721,0.03834492,-0.07818843,-0.14952879,0.1043379,-0.24629028,-0.20260227,0.106714204,-0.1032934,-0.009867822,-0.21481273,-0.060990863,-0.13282219,-0.23822486,0.24996044,-0.05131985,0.116671056,-0.13963233,-0.17966512,-0.020236764,-0.094414905,0.031014338,0.1314663,0.04320714,-0.21472056,0.04111006,0.25271147,0.027869012,-0.2300001,-0.20754938,-0.3678315,-0.073620975,0.20264916,-0.19225289,-0.10151926,0.25772202,-0.094614595,-0.23015304,-0.049824737,0.075689025,-0.12775926,-0.105056405,0.077064306,0.06986039,-0.069616854,-0.08369386,-0.061519932,-0.04512722,0.07144749,-0.08694753,0.026969971,0.13191843,0.051395398,-0.04340017,0.033790916,0.03004343,-0.09533021,-0.12751503,-0.10553205,-0.007055883,0.011688518,0.07489007,-0.012063472,0.023220645,0.0039605093,-0.18664064,-0.008797251,0.41588688,-0.059161566,-0.10177653,0.1422898,-0.15146442,-0.15196142,-0.113647886,-0.22585477,0.14132054,-0.3026578,0.08131314,-0.0946079,-0.057935465,0.08223668,-0.0077669485,-0.19400619,0.10108289,-0.4614231,-0.28618637,-0.06795622,-0.09557855,0.07195776,-0.12452656,-0.04063146,0.31192982,0.20459351
-0.6700623,0.4713425,-0.15462618,-0.4737119,0.003372437,-0.52277976,0.83108926,0.3758526,0.7221305,-0.17911197,-0.5717369,-0.27192643,0.013814898,0.5454099,-0.21355015,-0.16744354,0.30000463,0.51745147,1.3849527,0.43138993,-0.31901893,0.47689357,0.7508795,-0.27436662,0.3686433,0.02545609,-0.50162846,0.7879155,-1.0830368,-0.6118223,-0.103271835,0.25087178,0.23578851,0.5581,0.19207028,0.18750775,0.27614954,0.058540132,-0.45254928,-0.5756177,0.4791513,0.1034313,-0.16207464,0.52633995,0.93736434,0.5154055,0.18909395,-0.65648323,0.36754575,-0.35811263,1.0078372,-1.0275661,0.27637544,-0.57655793,0.4454235,-0.5608478,0.701143,0.36262345,0.22224136,-0.96671647,1.013386,-0.3290647,-0.2010447,-0.14920577,0.025551798,-0.16967273,-0.71799827,0.358378,-0.35561743,0.027610434,0.8986678,-0.62802887,0.00017901862,-0.9131158,0.18855588,-0.07060913,-0.7631587,-1.043461,-0.5877909,-0.4762579,-0.3003178,0.25478896,-0.54944605,0.14788376,0.6364641,0.06451386,-0.30209607,-0.48323193,0.086963475,-0.25171995,0.3435168,0.6133996,0.12231987,-0.5158677,-0.06345348,0.3293439,0.19723387,-0.2547837,0.9434689,0.38489294,0.27494025,-0.18251014,0.6556874,-0.127937,0.40804297
-0.13201791,0.066733986,-0.25589722,0.21233092,-0.20421362,-0.04221741,0.47831973,-0.12684028,0.23878077,0.016107615,-0.006718843,-0.031194773,-0.24723004,0.33679345,-0.17162445,0.2381894,0.04371542,-0.020013088,-0.087464914,0.16041325,-0.41296333,-0.14351456,0.18864958,-0.26266566,-0.022547655,-0.35353017,-0.25730088,-0.1545477,0.16637832,0.14262877,-0.2853093,-0.04562254,0.21231732,-0.26125252,-0.15422353,-0.19276129,0.15958527,-0.033273153,-0.17060971,-0.028219916,0.15654753,-0.18052231,-0.10672943,0.1076878,0.34690332,-0.074506156,-0.050726,0.15982008,-0.22027093,0.10857902,-0.15546994,0.14715616,0.32818046,0.20169531,0.08640408,0.03212082,-0.11424076,0.069880046,-0.048004046,-0.022286024,0.034229364,-0.24233148,-0.15598263,-0.2385702,0.19200307,-0.13739097,-0.09292863,0.24272117,-0.23534696,-0.31006262,0.19945608,-0.067286894,-0.0742524,0.2475537,0.14270832,0.28704658,0.053644966,-0.053597976,-0.16572623,-0.30675057,-0.31294107,-0.10557237,0.033399552,-0.18585816,0.36798102,-0.20633587,-0.18903932,-0.2014627,-0.14198096,0.22876212,0.22618407,0.19374974,-0.07142625,-0.00031499285,-0.3837446,-0.18115672,-0.68010575,-0.20369682,-0.16646412,0.5459079,-0.27553162,0.028429242,-0.052797474,0.17113873,0.12361826
-0.39576432,0.5909864,-0.547841,-0.5692307,-0.28760073,-0.48348135,0.7495047,0.19858442,0.13033062,-0.087764725,-0.7256634,-0.63674575,0.06758256,0.3373267,-0.18322776,0.31369877,0.47516534,0.9310796,0.4059299,0.3555203,0.5364058,-0.45803493,0.48263144,-0.23563373,0.26965144,0.34441233,-0.50808215,-0.42177162,0.13374637,0.41720274,0.41573822,0.679558,0.6215238,-0.4588461,0.4123167,-0.67662597,0.8073603,0.36949086,-0.32198104,-0.16559976,0.79789597,-0.13897632,0.47419778,-0.5163566,-0.090293154,-0.06428712,0.38435948,0.79001147,-0.103591934,0.36221868,-0.44608977,0.37839392,-0.28954446,0.43621466,-0.05493559,-0.48681366,-0.49514014,0.66148096,0.33492476,0.59362406,-0.57877165,-0.29841658,-0.34079164,-0.64441335,0.11317257,-0.18749025,-0.5311651,0.5623782,-0.6243307,-0.5529927,-0.23904866,-0.39787436,-0.56211585,0.37604174,0.3309409,-0.79733187,-0.021328755,0.13170092,0.28010085,-0.46738273,-0.21093681,-0.28112814,-0.52075136,0.289843,0.6340448,0.9223974,0.8200518,-0.28289565,0.92454535,-0.30404398,0.27683896,0.38038564,0.24130142,-0.08563621,0.9175596,-0.30244467,0.21516304,-0.14137456,0.2867359,-0.6271411,-0.6314394,0.6577895,-0.02741326,0.7296697,-0.38961953
-0.4574469,0.6616129,-0.48579794,0.12399926,0.04745653,-0.2503371,0.5309299,-0.19820404,0.22367418,-0.04616793,-0.0108888885,0.42383233,-0.33703652,0.48959526,-0.2635832,0.23253405,0.24549818,-0.36289924,-0.4895441,0.6119021,-0.043085665,-0.7748398,-0.8413269,-0.26026037,-0.5551931,0.3074513,-0.008856307,-0.44460592,0.50116175,0.41680732,-0.25361046,0.35890496,-0.013978517,-0.6403545,0.30927104,-0.055455584,-0.34633854,-0.2977205,0.20286879,0.40895164,-0.3434078,-0.5487603,0.42745286,-0.16777568,0.16512452,0.20760237,-0.052812822,0.12855943,-0.27574393,0.36242935,-0.48433736,0.40762895,0.42023268,0.61213136,-0.61981475,1.0620317,-0.46134812,0.27063122,-0.44605616,0.7193979,-0.74396807,-0.31204394,-0.36884978,-0.06653564,0.12503156,0.39828256,-0.13872328,0.025220796,0.049576204,0.49160853,-0.75341266,-0.64073586,-0.154625,-0.08916657,0.33373636,0.29654208,0.5174727,0.5503848,0.7004816,-0.19202478,-0.4079403,0.24216703,-0.055439744,-0.30222332,-0.27797627,-0.16171587,-0.27395442,-0.42218623,-0.6360886,0.7176629,0.22003475,0.63905185,-0.022747666,0.28749618,-0.92457616,-0.3343099,0.39867923,-0.20750588,-0.27239746,0.11779633,-0.35072574,0.386251,0.085634425,0.059390802,-0.16051187
-0.2994126,0.2527027,-0.21458808,-0.4691897,0.164354,0.16128728,0.32329348,-0.04089234,0.2141342,0.4287357,0.19511634,0.2571135,-0.24563341,0.17706896,0.52706856,0.05667465,0.1077027,-0.21035771,-0.22192761,0.013783178,0.0697974,0.097129166,-0.20929846,-0.10114894,-0.16560592,-0.118149795,0.23378055,-0.012226884,0.20584631,-0.042656425,-0.13254902,0.058208674,-0.113977246,0.06519983,0.058211632,0.07046143,-0.23352054,0.33700725,0.12153613,0.16538036,-0.38484505,-0.28634545,-0.06993651,0.2654309,0.30453005,-0.08305793,0.0812961,0.32555217,0.15841702,-0.13657275,-0.070929855,-0.1859777,0.32392684,0.21264838,-0.26935127,0.13774765,0.34882092,-0.5280775,0.2782447,0.1429264,-0.13510557,-0.016027097,0.33011964,0.17834774,-0.26021418,0.13080032,-0.15981121,0.008654355,-0.06306196,0.08333209,-0.31060314,-0.11369437,0.14227328,0.3160456,-0.23174582,-0.16528465,0.15164779,-0.45682627,-0.17818086,0.4987184,0.0068868417,0.12431529,0.064977005,-0.26666564,-0.058445644,-0.2881453,-0.11369415,-0.14575161,-0.36864763,0.2452014,0.01363881,0.037659865,0.22978222,-0.23954943,-0.16295472,0.39976594,-0.22945848,-0.49067736,0.23527865,-0.081007846,0.38753763,-0.17213124,0.121628344,-0.06318198,0.10020505
0.17978556,-0.23561943,0.1695396,0.28627086,-0.19442092,0.27006638,-0.23996842,-0.11122418,-0.2481121,-0.036969405,0.45917022,0.13273527,0.046939973,-0.086366504,-0.18809925,-0.045811456,0.22947478,-0.19887549,-0.21023627,0.17915413,-0.09159125,0.15385318,-0.31951323,0.18578668,-0.21997766,-0.3143011,0.11079828,0.19501127,0.11125708,-0.25722998,-0.40273964,-0.44402763,-0.26896524,0.09790678,-0.2487037,0.13127768,-0.25067914,-0.33201566,-0.008954689,0.11297416,-0.17502701,0.17681965,-0.050505284,-0.23745547,0.0011943096,-0.1775228,-0.2154093,0.27385885,-0.044384774,-0.32562205,0.08362063,0.05860164,-0.114556536,-0.23010342,-0.069407515,0.18061052,-0.39589438,0.12638396,-0.16714118,-0.45414448,0.44608203,-0.108909756,-0.10495823,0.3404532,0.16237223,-0.039462358,0.141462,0.22651167,0.11873368,-0.18414745,0.10829161,0.10006886,0.021013489,0.16223921,-0.3229845,0.153167,0.09565793,0.3403508,-0.12796077,-0.088856906,-0.15840663,-0.27087146,0.1730444,-0.121219516,-0.17223588,-0.39287212,-0.10528564,-0.0054145097,-0.28535506,-0.06605575,0.31862625,0.2601981,-0.034271803,-0.14546688,-0.4689828,0.46062586,-0.2724683,0.1919334,-0.10435792,0.27804253,0.28500658,-0.40186954,-0.09905926,0.28417677,0.07913253
0.23134851,-0.10199074,0.070877194,-0.09413027,-0.26758245,0.16819473,0.047406606,-0.18275145,0.027505152,-0.08134111,-0.23088142,0.004216535,-0.15898685,0.17109159,-0.14121033,0.13880399,0.40680677,-0.23378818,-0.20838352,0.05991403,-0.075074576,0.019561622,-0.1562887,-0.14428648,-0.2514822,-0.35925856,-0.081774086,-0.13244104,0.16283743,0.082501575,-0.20359062,0.017244725,0.5470854,-0.2235815,-0.21397646,0.061296176,0.16280046,0.4203103,-0.28919703,0.114109516,-0.2622999,-0.112019,0.32996827,0.021294858,0.27628636,0.14231195,-0.101980396,-0.1335111,-0.17164908,0.0165333,-0.0965386,0.113575876,0.27720058,0.42184177,-0.45766738,0.18305148,0.020864556,-0.22666606,0.39152142,0.05647667,-0.051540963,-0.18817322,-0.18089372,0.01853653,0.05317955,0.13795911,0.35696194,0.18963279,0.10978633,-0.24805762,0.002898208,0.35339198,-0.14310116,0.16246435,0.123711474,0.16324626,0.28137875,0.14251645,-0.12696268,0.07000533,-0.18026765,-0.23154469,0.09679407,-0.20087354,0.113052584,-0.49221268,-0.5416107,-0.12798694,-0.008389487,0.5095778,0.24412934,0.124070674,-0.17509533,0.03218814,-0.14704344,-0.14389858,-0.40842235,-0.54043466,-0.16326578,0.120635785,0.020422181,0.32366583,0.05210904,-0.43551508,0.045360774
0.10673122,0.10841523,0.11884459,-0.6731672,0.07218041,-0.1656573,-0.05487331,0.04073604,0.027564414,0.4040293,0.23864958,0.08968271,-0.2721452,0.049834862,-0.08900679,-0.12371442,0.41467446,-0.35171685,-0.28878906,-0.04892001,-0.20902666,-0.012823929,-0.2335876,0.11609859,-0.3214729,-0.2834031,0.4110215,0.23867945,0.062910944,-0.3964411,-0.15467916,-0.047701634,-0.09533524,0.080351815,-0.12802863,0.19618723,-0.36547288,0.31557313,0.18346962,0.19704527,-0.24813303,-0.14432192,-0.30205628,-0.13168065,-0.014319303,-0.29087943,0.16530591,0.49370787,0.13657123,-0.41029873,0.23341878,-0.21796459,0.063031144,-0.083293505,-0.30494556,0.16345708,0.037874173,-0.31665853,0.31697443,0.025431791,-0.02550027,-0.22683294,-0.16175449,0.23879515,-0.16177596,-0.13862339,0.119316466,0.19300002,-0.0809314,-0.23356804,-0.4318644,-0.14617978,0.13111992,0.4287563,-0.20029774,0.13422106,0.2454705,0.11507495,-0.10791144,0.2941546,-0.19998656,0.12749043,-0.11400481,-0.17438284,-0.24242477,-0.20066054,-0.20598115,-0.262093,-0.40104324,0.1365159,-0.16225365,0.0939549,0.28425357,-0.23195241,-0.19967528,0.4331454,-0.28605878,-0.78713,0.21776293,0.24870302,0.2868164,0.109064244,-0.016074933,0.26144493,0.40308085
-0.062292907,0.098030515,0.054795694,0.17553322,-0.012303266,-0.278668,0.41960707,-0.12828648,0.1757003,0.0942022,0.047534835,0.074133806,-0.048952565,0.53092283,-0.19641669,0.011436911,-0.23410246,-0.2329875,-0.23274687,0.11196772,-0.21674867,-0.30173022,0.116452515,-0.2804732,-0.12219942,-0.00018568202,-0.31457222,-0.15930294,0.22679916,0.11013126,-0.14930779,0.10337908,0.006800521,-0.18711887,0.4219695,0.32171068,-0.18580851,0.37496293,-0.03686738,-0.60553783,0.0021829554,0.0390072,-0.40193167,0.095410064,0.05559474,-0.19521944,0.050285026,0.38614547,-0.21268128,0.012911577,-0.13483344,0.19902554,-0.10725996,0.15287195,0.3695503,-0.02145393,-0.028452141,0.00727625,-0.14827228,-0.026970163,0.044987924,-0.27500144,-0.26315802,-0.28651658,0.26271957,-0.14752364,-0.09776552,0.06885928,-0.28485015,-0.083466955,0.23730637,0.029756634,-0.08139005,-0.22029603,0.21146235,0.36962697,-0.24053812,-0.3019714,-0.13461865,-0.13395354,-0.40843213,0.081164956,0.0029401,-0.2457418,0.31008792,0.25334805,-0.19581309,-0.41751593,-0.46977207,0.26436484,-0.20356235,0.0523593,-0.02772561,0.19778991,-0.30952382,-0.26101047,0.053492595,-0.14526284,-0.15011828,0.17084445,-0.24922016,0.25143498,-0.019869553,0.27943462,0.4087511
0.32708046,-0.30673808,0.31649923,0.22336747,-0.2674582,0.40603104,-0.46370608,-0.17553891,-0.3291485,-0.17063989,0.5905437,0.066728465,0.22950572,-0.053909764,-0.27036878,0.17980878,0.3497328,-0.3413166,-0.39495212,-0.052008532,-0.20839623,-0.011004606,-0.59117216,0.019082034,-0.46774492,-0.50452,0.0061683734,0.47406834,0.13194259,-0.5228371,-0.49187064,-0.63172656,0.046961013,0.08543991,-0.31580102,0.25875506,0.26193404,-0.017636094,-0.3000616,-0.20121597,-0.04033631,0.2266276,0.06584103,0.027395025,-0.20220317,-0.26237515,-0.2546212,0.2654254,-0.02091908,-0.49248165,0.4665535,-0.032449633,0.22925389,-0.24461769,-0.45338857,0.35808358,-0.47563964,-0.21251029,0.3337308,-0.55294037,0.59233534,-0.2169123,-0.28712162,0.1363573,0.1034253,-0.09988888,0.3784408,0.4570501,0.2781295,-0.28300804,0.10788428,0.40614304,-0.057583865,0.37107775,-0.49763858,0.2959816,0.36036333,0.43164647,-0.3181257,-0.11836256,-0.26137602,-0.2768906,0.13642988,-0.3769469,-0.2366567,-0.25187021,-0.3381129,-0.00461253,-0.37380752,0.17130779,0.57924116,-0.12527072,-0.22668867,-0.11450215,-0.3864251,0.11016747,-0.34600738,-0.07881953,-0.2214214,0.24467297,0.10868819,-0.1769124,-0.16236861,-0.6188656,0.15827847
-0.18113701,0.5757604,-0.44098568,-0.31978664,0.27414653,-0.02854605,0.42861208,-0.113927074,0.407355,0.09915952,0.22488004,0.12205864,-0.33252555,0.3199184,-0.17268966,0.10087613,0.15025145,-0.29914096,-0.3117088,0.38217044,0.009352712,-0.26758665,-0.41203794,-0.23017578,-0.30222145,0.17223758,0.026375478,-0.3063941,0.30788258,0.295614,-0.11553262,0.29173204,0.18115442,-0.37140292,0.29327944,-0.17074534,-0.2827925,-0.024143562,0.01664851,0.28997156,-0.24409741,-0.45187393,0.3047512,-0.069394894,0.26799023,0.30374697,-0.031102227,0.22360456,-0.25912517,0.23458053,-0.30423814,0.28265712,0.02478044,0.39233893,-0.45595342,0.34914896,0.060185675,-0.2917454,-0.098179415,0.3549706,-0.35406736,-0.22734547,-0.128105,-0.12535165,0.11341403,0.13705121,-0.18878138,-0.13698141,-0.0019527782,0.30084246,-0.4627981,-0.3973826,-0.1569472,0.17127554,0.2084697,-0.055396233,0.3793563,0.011683435,0.3282164,-0.013772799,-0.12854335,-0.07076482,-0.116702,-0.20608947,-0.2035894,-0.21527348,-0.30870312,-0.13121629,-0.39355358,0.3942905,0.019422222,0.34770253,0.095222294,0.19153453,-0.50994956,0.030895598,-0.26961237,-0.44630656,-0.16037841,-0.24394566,-0.16054586,0.3408036,0.26450905,0.42373753,-0.0414056
-0.22857882,0.0014077207,0.22432645,-0.45839018,0.28203467,-0.06538387,0.30146512,0.09750435,0.07790122,0.04549627,0.20024988,0.24619356,-0.18875788,0.10599822,-0.0829473,-0.3509916,0.15402842,-0.055453513,-0.12559772,0.12730123,-0.12067789,-0.03238935,-0.1016922,0.10603313,-0.16620582,-0.2694711,0.23091592,0.28090218,-0.23840691,-0.269004,-0.14986521,-0.14557624,-0.07210626,0.094996594,0.07183541,0.25279942,-0.16503212,-0.1571598,0.2391372,-0.08527886,-0.36425003,-0.0580966,-0.04272562,0.1966383,-0.23601758,-0.1541216,-0.07095325,0.3619588,0.17136411,-0.2816182,0.31616688,-0.49383333,0.0152305765,-0.15085709,0.19120575,-0.20542035,-0.070728526,-0.19552758,-0.1569455,-0.3437081,0.3414489,-0.15335642,0.07585878,0.12882787,-0.21974188,-0.02396484,0.021008356,0.04462607,-0.24319611,0.029384926,-0.27991664,-0.09527298,0.4603228,0.14632775,-0.2522246,-0.050570022,-0.27450523,-0.11386108,-0.17913768,-0.118082605,-0.18214989,-0.03398796,0.036595058,-0.22815552,0.17019646,-0.40612066,-0.19197899,-0.15949236,-0.3513599,-0.05619667,0.1967766,0.15820204,0.28740835,-0.07711555,-0.35528097,0.4639499,0.10424032,-0.2010471,0.42986348,0.03630278,0.20430358,-0.2537471,0.00226012,-0.20445172,0.2574767
-0.30724293,0.45667502,-0.3589647,-0.18843572,-0.43378708,-0.25220254,0.36696878,-0.2585604,0.4244469,0.34251022,-0.18599044,-0.6167493,-0.08786708,0.17845537,-0.25859234,0.478971,0.32098973,0.44621122,-0.22306412,0.20100555,0.10081282,0.3713585,-0.0805418,0.56072587,0.30968118,-0.37706095,-0.15443149,0.19419459,-0.6750342,-0.19944184,-0.42498094,0.072660394,0.28249478,0.80862665,-0.26329237,-0.52432245,0.39076573,-0.31534666,-0.26617044,-0.1070734,0.6510691,-0.4470874,0.44561344,0.1980246,0.43806016,0.24609382,-0.03980674,0.10748179,0.4945268,-0.31198862,0.014012937,-0.11381782,-0.2132858,-0.5865861,0.41147465,-0.41012684,0.104262784,0.57444674,0.05491213,-0.1262895,0.17505151,-0.21690094,-0.040511496,-0.18308471,-0.01106632,-0.07295666,-0.5189448,0.35036844,-0.2603448,-0.36362767,-0.23068218,-0.2840793,0.10756501,0.6846771,0.13972828,-0.5106705,0.13743207,-0.425858,-0.23074163,-0.6439596,-0.101994455,-0.065058745,-0.67462766,0.2783889,0.31538445,0.25041938,0.35946825,-0.034407843,-0.27234823,-0.38256365,0.369371,0.3573136,0.39301673,-0.7437193,0.41422322,0.13762726,-0.59473234,-0.44089857,0.79205585,0.36640263,0.12632787,0.30041084,0.23250265,0.4864534,0.025534788
-0.14629231,0.1289288,-0.2585879,0.12247031,0.4452617,0.06738409,0.14992175,-0.06206331,0.116093,0.2496229,0.29325834,0.07760215,-0.28061625,-0.14368542,-0.060888402,-0.014116586,-0.1504594,-0.33036375,-0.33293182,0.069592826,0.27563894,-0.20538935,-0.31492293,-0.087140396,-0.30613035,-0.22202742,0.4301114,-0.18201597,0.2639719,0.15926307,-0.04856527,-0.064354874,-0.08034752,-0.12128295,0.2516268,0.39370328,-0.32739574,-0.18726805,0.46271762,0.31754017,-0.40028223,-0.3160191,-0.5272215,-0.15054508,0.116549574,-0.60700065,0.10371613,0.5106106,-0.17328763,0.050950192,-0.17687674,0.16667616,0.26408166,0.26186335,-0.36785865,0.3019467,-0.28104493,-0.2469476,-0.13797632,0.16226524,-0.17233215,-0.11845926,0.38217378,0.3666486,0.0023424067,0.0011066016,0.0763197,-0.15124261,-0.02845042,0.2836685,-0.4494863,-0.1279233,0.09315874,0.5287397,0.14742643,0.10084747,0.28100252,-0.25699037,0.10202334,-0.06188383,-0.24696589,0.11442434,-0.07202151,-0.21903734,-0.29574388,-0.0469778,-0.29271457,0.09635635,-0.5510231,0.3525542,-0.075282514,0.03256843,0.20204243,0.08023297,-0.45885283,-0.0047048368,-0.584677,-0.6692452,-0.03190361,0.3184691,0.042909473,0.09182286,-0.19269127,-0.24526219,-0.08787868
-0.25653735,-0.11561581,0.3573151,-0.19801041,-0.13965277,0.072340176,0.2970606,-0.14083135,0.0884797,0.22396658,-0.07374373,-0.089137375,0.13582405,0.13668823,-0.030294584,-0.26371536,0.10221566,-0.09650754,-0.061752737,0.0921346,-0.009807349,0.15523586,-0.19971669,0.1416208,-0.06355899,-0.15484652,0.37499422,0.31198263,-0.23192519,-0.31273755,-0.20096117,-0.30282587,-0.09120975,0.15643702,-0.15811494,0.26380616,-0.10433798,-0.017707272,0.22022107,-0.047594406,-0.32655683,0.42279366,0.009944847,0.13732027,-0.043208603,-0.08804395,-0.12068313,0.14634019,0.18733156,-0.22700852,0.3666918,-0.3667795,-0.25622183,-0.20881581,0.19317274,-0.28288707,0.17259638,-0.01588752,0.11147688,-0.22126733,0.23857337,0.15484464,0.2547611,0.16004144,-0.0702997,0.13404448,-0.12498215,0.05003871,0.03376801,-0.24149013,-0.1629995,-0.14889662,0.27794144,-0.0038865542,-0.27476704,-0.29651138,-0.2582564,-0.3036155,-0.13464902,0.25006115,0.231507,-0.43496725,0.1558556,0.07525771,0.120995514,-0.30010477,0.20315963,-0.08056956,-0.0157184,-0.14149252,-0.041410957,0.08958033,0.24865407,-0.10166111,0.11438976,0.24956998,-0.2350431,0.017349407,0.16907099,-0.21114092,0.24423668,-0.43413165,0.23442225,0.055468764,0.31210196
0.07150226,0.42742157,-0.45207995,-0.55894566,-0.13991658,-0.14334819,0.41375104,-0.058266405,0.47211367,0.36460754,0.033797428,-0.009792298,-0.36794814,0.22283125,0.28077647,0.2142765,-0.039581645,-0.24086662,0.015286161,-0.22062571,-0.4998886,-0.39036676,-0.1245636,-0.17292175,0.07579957,-0.26577872,-0.08023502,-0.10964062,0.13716507,0.06997913,-0.07505989,0.107332,0.53073204,-0.23531748,-0.08423102,-0.12514327,0.28957704,0.10949448,-0.12800662,-0.091984026,-0.4923127,-0.7408916,-0.031371538,0.3861326,0.4368909,0.063460164,0.21563734,0.38636515,-0.06918329,0.07585428,-0.14650406,-0.008279065,0.37651426,0.35079026,-0.41358557,0.07775957,0.30416024,-0.346722,0.31044212,0.26011705,-0.25512806,-0.08196343,0.0762166,-0.14236748,-0.1469768,0.13627468,0.114285596,0.06099715,-0.4455463,-0.4999923,-0.5135512,-0.12622812,0.05859239,0.8238385,-0.15990004,0.072266094,0.3843851,-0.41585657,0.38461167,0.5042757,-0.31696597,0.21828897,0.1364347,-0.09526329,0.15877652,-0.49050528,-0.096952654,0.15552576,-0.3208863,0.49546131,0.08249839,-0.24673192,0.017564729,-0.054562066,0.060612105,-0.08030256,-0.37437952,-0.5124729,-0.07208071,-0.38358235,-0.16837707,-0.20611952,-0.23652445,-0.305618,0.064953044
-0.25010902,0.10254651,-0.038417187,0.08398047,-0.18011095,-0.24843065,0.43789643,0.07818454,0.19060199,0.03313386,0.022115113,0.072703384,-0.15077032,0.3710611,-0.15516046,0.069353655,-0.024028739,-0.08228728,-0.22678779,0.22689995,-0.33420503,-0.2112076,-0.18613328,-0.20717028,-0.30358163,-0.25040838,-0.19616036,-0.1473711,0.24700005,0.08139455,-0.30323505,-0.07154055,0.06457428,-0.38364166,0.061613984,0.3124766,-0.16942628,-0.060538463,-0.09036346,-0.005968695,-0.176148,-0.18031757,-0.26934528,0.14428288,0.24330424,-0.18824944,-0.028556194,0.29535645,-0.18367127,0.006872849,-0.14496197,0.16055281,0.28153813,0.2774384,0.12358709,0.37268636,-0.33007085,0.023306586,-0.16394687,0.071969815,-0.08650055,-0.2247265,-0.20410483,-0.062747985,0.17355071,-0.0100464625,-0.0047224946,0.11111714,-0.2735574,-0.059717037,0.05022813,-0.17285112,-0.074272856,0.0352498,0.13436283,0.28220206,-0.103193626,-0.2537659,-0.13448793,-0.07863562,-0.3658485,-0.07120037,0.0668131,-0.18510205,0.33028808,-0.19730298,-0.28271773,-0.24983302,-0.35909194,0.29096496,0.07714638,0.17600836,-0.053221073,0.12053854,-0.454234,-0.0945243,-0.1921647,-0.17804572,-0.1582826,0.60181797,-0.0886166,-0.050717104,0.027726233,-0.1652437,0.23403373
0.31123346,-0.11784837,-0.24333365,0.2646019,0.184335,-0.067769185,-0.19206633,-0.34703898,0.040205978,0.11612424,0.3729572,0.40004995,-0.4863867,-0.13562848,-0.16070144,-0.2783415,0.30340472,-0.5044599,-0.3417746,0.13929108,0.18128106,-0.12906915,-0.42494002,-0.09762548,-0.3998118,-0.48605463,0.5173644,-0.18351838,0.30423456,0.108143814,-0.28740934,-0.065718494,-0.11546222,-0.2197654,0.42873496,0.46934012,-0.37399045,-0.371287,0.4014482,0.35389292,-0.58025295,-0.43775728,-0.034655146,-0.2645108,0.22782512,-0.55711097,-0.10513704,0.56799084,-0.19594583,-0.3264546,-0.17235936,0.21133971,-0.30241576,0.109553084,-0.76908994,0.39521265,-0.46919984,0.22148179,-0.14914759,0.12388984,-0.13078375,-0.11490384,0.0754203,0.4274798,-0.1306147,0.117866404,0.3690607,0.13824344,0.22759822,0.21904774,-0.33333528,0.36280006,-0.013132028,0.66003174,-0.03875259,0.2412779,0.41085264,-0.009128122,-0.106281504,-0.10572493,-0.33728796,0.08372602,0.2077446,-0.34909225,-0.2788723,-0.006473554,-0.76386064,0.37919143,-0.56574947,0.4825847,-0.20735835,-0.031844806,0.010678582,-0.045339257,-0.64743066,-0.17642383,-0.38553238,-0.9556441,-0.18427065,0.37554458,-0.11401918,-0.050930306,-0.23612711,0.31520745,0.16514246
0.090079,0.32478455,-0.39914137,-0.23294166,-0.030280346,-0.26588827,0.44959414,-0.38312972,0.13827103,-0.09969326,-0.10117386,0.15208372,-0.16419557,0.476572,-0.21368556,0.31461796,0.39732763,-0.2030446,-0.3777562,0.46012318,-0.020208528,-0.7567914,-0.47063136,-0.26862317,-0.30120096,-0.04191993,-0.32047904,-0.37617296,0.41661656,0.35367402,0.3968379,0.35878748,0.19814299,-0.47276282,0.24268022,0.038066853,-0.16835484,0.28542396,-0.23315953,0.31191587,-0.14234072,-0.3984095,0.5396582,-0.3016885,-0.014897251,0.23333238,0.20753594,0.14671834,-0.24015146,0.34538725,-0.4005149,0.33967045,0.027498871,0.5437894,-0.50388986,0.2912006,0.017107189,0.23103139,0.44415656,0.5759012,-0.5896743,-0.29342982,-0.3382733,-0.29337078,0.1677254,0.29473242,0.2670308,-0.0045654657,-0.28210953,0.49381608,-0.5329439,-0.4275715,-0.2645718,0.7510396,0.2804227,0.34056163,0.341565,0.48301777,0.5522897,0.2252555,-0.366456,-0.060623072,-0.121249095,-0.06958682,-0.18666516,-0.38653174,-0.09816652,-0.45600963,-0.61636186,0.5596425,0.28145018,0.48767495,-0.10700918,0.3211644,-0.08460631,-0.49409404,0.30590445,-0.25039816,-0.29060254,-0.2549486,-0.36179855,0.34964728,0.32607546,-0.2131063,0.030904438
0.8060742,0.67297673,-0.7236724,0.507867,0.9410267,-0.24191085,-0.88534486,-0.044527907,-0.137366,1.1601553,0.6053299,0.9254903,-0.81903666,-0.3800219,-0.50738424,-0.56638867,-0.5134472,-0.9424665,-0.5203606,-0.34917068,-0.22071196,0.0028138203,-0.6607335,0.4053709,-0.7506147,0.088521846,0.6417415,-0.7726568,0.8235689,0.4894394,0.053388048,-0.8996341,0.6159236,-0.37672228,0.6766874,-0.4222519,-0.7208701,-0.23331878,0.7066946,0.8000062,-1.0368695,-1.0067736,-0.47387546,-0.3686641,1.1036345,-1.0305122,0.38129932,1.4988285,-0.27993238,-1.1363333,-0.7066836,0.68046314,0.027049968,0.042447552,-1.3143083,0.8679915,-0.85220164,0.52615124,-0.46472234,0.33885524,-0.35227874,0.8297329,0.8216576,0.7806704,-0.94330716,0.7591473,0.7182537,-0.2723604,0.67415905,0.68158174,-0.8553732,1.1395975,0.4324783,1.1957278,0.39313954,0.91678697,0.7700587,0.12397635,0.8325927,-0.45037675,-0.83378035,0.87368506,0.8673326,-1.0017877,-0.512316,-0.013354879,-1.037518,0.5609733,-1.1076614,1.1840115,-0.6201925,-0.2262626,0.39022326,-1.0486971,-0.9556833,-0.08197212,-1.1568599,-1.095782,-1.2524437,0.6350183,-0.7234055,0.6361151,-0.63560873,0.71781266,-1.303021
